status,type,aircraft.icao24,aircraft.icaoCode,aircraft.regNumber,airline.iataCode,airline.icaoCode,airline.name,arrival.actualRunway,arrival.actualTime,arrival.baggage,arrival.delay,arrival.estimatedRunway,arrival.estimatedTime,arrival.gate,arrival.iataCode,arrival.icaoCode,arrival.scheduledTime,arrival.terminal,codeshared.airline.iataCode,codeshared.airline.icaoCode,codeshared.airline.name,codeshared.flight.iataNumber,codeshared.flight.icaoNumber,codeshared.flight.number,departure.actualRunway,departure.actualTime,departure.baggage,departure.delay,departure.estimatedRunway,departure.estimatedTime,departure.gate,departure.iataCode,departure.icaoCode,departure.scheduledTime,departure.terminal,flight.iataNumber,flight.icaoNumber,flight.number,codeshared
active,departure,8880E7,A359,VN-A889,K6,KHV,Cambodia Angkor Air,,,,4,,2025-11-06T17:14:00.000,,SGN,VVTS,2025-11-06T17:10:00.000,3,vn,hvn,vietnam airlines,vn215,hvn215,215,2025-11-06T15:29:00.000,2025-11-06T15:29:00.000,,30,2025-11-06T15:29:00.000,2025-11-06T15:00:00.000,,HAN,VVNB,2025-11-06T15:00:00.000,1,K63215,KHV3215,3215,
active,departure,8880E7,A359,VN-A889,VN,HVN,Vietnam Airlines,,,,4,,2025-11-06T17:14:00.000,,SGN,VVTS,2025-11-06T17:10:00.000,3,,,,,,,2025-11-06T15:29:00.000,2025-11-06T15:29:00.000,,30,2025-11-06T15:29:00.000,2025-11-06T15:00:00.000,,HAN,VVNB,2025-11-06T15:00:00.000,1,VN215,HVN215,215,
active,departure,,321,,CI,CAL,China Airlines,,,,,,,,DAD,VVDN,2025-11-06T16:25:00.000,1,vn,hvn,vietnam airlines,vn173,hvn173,173,,,,,,2025-11-06T15:05:00.000,,HAN,VVNB,2025-11-06T15:05:00.000,1,CI8873,CAL8873,8873,
active,departure,,321,,K6,KHV,Cambodia Angkor Air,,,,,,,,DAD,VVDN,2025-11-06T16:25:00.000,1,vn,hvn,vietnam airlines,vn173,hvn173,173,,,,,,2025-11-06T15:05:00.000,,HAN,VVNB,2025-11-06T15:05:00.000,1,K63173,KHV3173,3173,
active,departure,,321,,VN,HVN,Vietnam Airlines,,,,,,,,DAD,VVDN,2025-11-06T16:25:00.000,1,,,,,,,,,,,,2025-11-06T15:05:00.000,,HAN,VVNB,2025-11-06T15:05:00.000,1,VN173,HVN173,173,
active,departure,7821E0,A21N,B-32KF,VN,HVN,Vietnam Airlines,,,15,,,2025-11-06T19:03:00.000,,PVG,ZSPD,2025-11-06T19:10:00.000,1,mu,ces,china eastern airlines,mu6012,ces6012,6012,2025-11-06T15:20:00.000,2025-11-06T15:20:00.000,,10,2025-11-06T15:20:00.000,2025-11-06T15:10:00.000,24,HAN,VVNB,2025-11-06T15:10:00.000,2,VN3552,HVN3552,3552,
active,departure,7821E0,A21N,B-32KF,MU,CES,China Eastern Airlines,,,15,,,2025-11-06T19:03:00.000,,PVG,ZSPD,2025-11-06T19:10:00.000,1,,,,,,,2025-11-06T15:20:00.000,2025-11-06T15:20:00.000,,10,2025-11-06T15:20:00.000,2025-11-06T15:10:00.000,24,HAN,VVNB,2025-11-06T15:10:00.000,2,MU6012,CES6012,6012,
unknown,departure,,321,,,,empty,,,,,,,,SGN,VVTS,2025-11-06T17:25:00.000,3,,,,,,,,,,,,,,HAN,VVNB,2025-11-06T15:15:00.000,1,,,853,
active,departure,88808A,A321,VN-A323,NH,ANA,ANA,,,,,,2025-11-06T16:53:00.000,,SAI,VDSA,2025-11-06T16:55:00.000,,vn,hvn,vietnam airlines,vn837,hvn837,837,2025-11-06T15:34:00.000,2025-11-06T15:34:00.000,,20,2025-11-06T15:34:00.000,2025-11-06T15:15:00.000,,HAN,VVNB,2025-11-06T15:15:00.000,2,NH9738,ANA9738,9738,
active,departure,88808A,A321,VN-A323,K6,KHV,Cambodia Angkor Air,,,,,,2025-11-06T16:53:00.000,,SAI,VDSA,2025-11-06T16:55:00.000,,vn,hvn,vietnam airlines,vn837,hvn837,837,2025-11-06T15:34:00.000,2025-11-06T15:34:00.000,,20,2025-11-06T15:34:00.000,2025-11-06T15:15:00.000,,HAN,VVNB,2025-11-06T15:15:00.000,2,K63837,KHV3837,3837,
active,departure,88808A,A321,VN-A323,AF,AFR,Air France,,,,,,2025-11-06T16:53:00.000,,SAI,VDSA,2025-11-06T16:55:00.000,,vn,hvn,vietnam airlines,vn837,hvn837,837,2025-11-06T15:34:00.000,2025-11-06T15:34:00.000,,20,2025-11-06T15:34:00.000,2025-11-06T15:15:00.000,,HAN,VVNB,2025-11-06T15:15:00.000,2,AF3320,AFR3320,3320,
active,departure,88808A,A321,VN-A323,VN,HVN,Vietnam Airlines,,,,,,2025-11-06T16:53:00.000,,SAI,VDSA,2025-11-06T16:55:00.000,,,,,,,,2025-11-06T15:34:00.000,2025-11-06T15:34:00.000,,20,2025-11-06T15:34:00.000,2025-11-06T15:15:00.000,,HAN,VVNB,2025-11-06T15:15:00.000,2,VN837,HVN837,837,
active,departure,880C49,A320,HS-CBI,AK,AXM,AirAsia,,,,12,,2025-11-06T17:12:00.000,,CNX,VTCC,2025-11-06T17:00:00.000,,,,,,,,2025-11-06T15:58:00.000,2025-11-06T15:58:00.000,,38,2025-11-06T15:58:00.000,2025-11-06T15:22:00.000,,HAN,VVNB,2025-11-06T15:20:00.000,2,AK871,AXM871,871,
active,departure,,321,,H1,H1,,,,,,,,,UIH,VVPC,2025-11-06T17:00:00.000,,vj,vjc,vietjet air,vj433,vjc433,433,,,,,,2025-11-06T15:25:00.000,,HAN,VVNB,2025-11-06T15:25:00.000,1,H15137,H15137,5137,
active,departure,,321,,A1,A1,,,,,,,,,UIH,VVPC,2025-11-06T17:00:00.000,,vj,vjc,vietjet air,vj433,vjc433,433,,,,,,2025-11-06T15:25:00.000,,HAN,VVNB,2025-11-06T15:25:00.000,1,A12433,A12433,2433,
active,departure,,321,,W2,FXT,FlexFlight,,,,,,,,UIH,VVPC,2025-11-06T17:00:00.000,,vj,vjc,vietjet air,vj433,vjc433,433,,,,,,2025-11-06T15:25:00.000,,HAN,VVNB,2025-11-06T15:25:00.000,1,W24433,FXT4433,4433,
active,departure,,321,,VJ,VJC,VietJet Air,,,,,,,,UIH,VVPC,2025-11-06T17:00:00.000,,,,,,,,,,,,,2025-11-06T15:25:00.000,,HAN,VVNB,2025-11-06T15:25:00.000,1,VJ433,VJC433,433,
active,departure,,350,,K6,KHV,Cambodia Angkor Air,,,,,,,,SGN,VVTS,2025-11-06T17:40:00.000,3,vn,hvn,vietnam airlines,vn249,hvn249,249,,,,,,2025-11-06T15:30:00.000,,HAN,VVNB,2025-11-06T15:30:00.000,1,K63249,KHV3249,3249,
active,departure,,350,,GA,GIA,Garuda Indonesia,,,,,,,,SGN,VVTS,2025-11-06T17:40:00.000,3,vn,hvn,vietnam airlines,vn249,hvn249,249,,,,,,2025-11-06T15:30:00.000,,HAN,VVNB,2025-11-06T15:30:00.000,1,GA9943,GIA9943,9943,
active,departure,,350,,VN,HVN,Vietnam Airlines,,,,,,,,SGN,VVTS,2025-11-06T17:40:00.000,3,,,,,,,,,,,,2025-11-06T15:30:00.000,,HAN,VVNB,2025-11-06T15:30:00.000,1,VN249,HVN249,249,
active,departure,8881EF,A21N,VN-A543,W2,FXT,FlexFlight,,,,9,,2025-11-06T17:44:00.000,,PQC,VVPQ,2025-11-06T17:35:00.000,,vj,vjc,vietjet air,vj1441,vjc1441,1441,2025-11-06T16:00:00.000,2025-11-06T16:00:00.000,,31,2025-11-06T16:00:00.000,2025-11-06T15:30:00.000,,HAN,VVNB,2025-11-06T15:30:00.000,1,W23441,FXT3441,3441,
active,departure,8881EF,A21N,VN-A543,H1,H1,,,,,9,,2025-11-06T17:44:00.000,,PQC,VVPQ,2025-11-06T17:35:00.000,,vj,vjc,vietjet air,vj1441,vjc1441,1441,2025-11-06T16:00:00.000,2025-11-06T16:00:00.000,,31,2025-11-06T16:00:00.000,2025-11-06T15:30:00.000,,HAN,VVNB,2025-11-06T15:30:00.000,1,H15171,H15171,5171,
active,departure,8881EF,A21N,VN-A543,A1,A1,,,,,9,,2025-11-06T17:44:00.000,,PQC,VVPQ,2025-11-06T17:35:00.000,,vj,vjc,vietjet air,vj1441,vjc1441,1441,2025-11-06T16:00:00.000,2025-11-06T16:00:00.000,,31,2025-11-06T16:00:00.000,2025-11-06T15:30:00.000,,HAN,VVNB,2025-11-06T15:30:00.000,1,A14441,A14441,4441,
active,departure,8881EF,A21N,VN-A543,VJ,VJC,VietJet Air,,,,9,,2025-11-06T17:44:00.000,,PQC,VVPQ,2025-11-06T17:35:00.000,,,,,,,,2025-11-06T16:00:00.000,2025-11-06T16:00:00.000,,31,2025-11-06T16:00:00.000,2025-11-06T15:30:00.000,,HAN,VVNB,2025-11-06T15:30:00.000,1,VJ1441,VJC1441,1441,
active,departure,,320,,A1,A1,,,,,,,,,SGN,VVTS,2025-11-06T17:50:00.000,1,vj,vjc,vietjet air,vj145,vjc145,145,,,,,,2025-11-06T15:35:00.000,,HAN,VVNB,2025-11-06T15:35:00.000,1,A12145,A12145,2145,
active,departure,,320,,W2,FXT,FlexFlight,,,,,,,,SGN,VVTS,2025-11-06T17:50:00.000,1,vj,vjc,vietjet air,vj145,vjc145,145,,,,,,2025-11-06T15:35:00.000,,HAN,VVNB,2025-11-06T15:35:00.000,1,W24145,FXT4145,4145,
active,departure,,320,,H1,H1,,,,,,,,,SGN,VVTS,2025-11-06T17:50:00.000,1,vj,vjc,vietjet air,vj145,vjc145,145,,,,,,2025-11-06T15:35:00.000,,HAN,VVNB,2025-11-06T15:35:00.000,1,H14423,H14423,4423,
active,departure,,320,,VJ,VJC,VietJet Air,,,,,,,,SGN,VVTS,2025-11-06T17:50:00.000,1,,,,,,,,,,,,2025-11-06T15:35:00.000,,HAN,VVNB,2025-11-06T15:35:00.000,1,VJ145,VJC145,145,
active,departure,,320,,H1,H1,,,,,,,,,SGN,VVTS,2025-11-06T17:50:00.000,1,vj,vjc,vietjet air,vj199,vjc199,199,,,,,,2025-11-06T15:35:00.000,,HAN,VVNB,2025-11-06T15:35:00.000,1,H15195,H15195,5195,
active,departure,,320,,A1,A1,,,,,,,,,SGN,VVTS,2025-11-06T17:50:00.000,1,vj,vjc,vietjet air,vj199,vjc199,199,,,,,,2025-11-06T15:35:00.000,,HAN,VVNB,2025-11-06T15:35:00.000,1,A12199,A12199,2199,
active,departure,,320,,W2,FXT,FlexFlight,,,,,,,,SGN,VVTS,2025-11-06T17:50:00.000,1,vj,vjc,vietjet air,vj199,vjc199,199,,,,,,2025-11-06T15:35:00.000,,HAN,VVNB,2025-11-06T15:35:00.000,1,W24199,FXT4199,4199,
active,departure,,320,,VJ,VJC,VietJet Air,,,,,,,,SGN,VVTS,2025-11-06T17:50:00.000,1,,,,,,,,,,,,2025-11-06T15:35:00.000,,HAN,VVNB,2025-11-06T15:35:00.000,1,VJ199,VJC199,199,
unknown,departure,,77F,,CK,CKK,China Cargo,,,,,,,,PVG,ZSPD,2025-11-06T19:35:00.000,,,,,,,,,,,,,,,HAN,VVNB,2025-11-06T15:35:00.000,,CK278,CKK278,278,
active,departure,7808D0,B738,B-5656,CZ,CSN,China Southern Airlines,,,,47,,2025-11-06T19:26:00.000,9,XMN,ZSAM,2025-11-06T18:40:00.000,3,mf,cxa,xiamen airlines,mf870,cxa870,870,2025-11-06T16:33:00.000,2025-11-06T16:33:00.000,,53,2025-11-06T16:33:00.000,2025-11-06T16:10:00.000,A,HAN,VVNB,2025-11-06T15:40:00.000,2,CZ1816,CSN1816,1816,
active,departure,7808D0,B738,B-5656,VN,HVN,Vietnam Airlines,,,,47,,2025-11-06T19:26:00.000,9,XMN,ZSAM,2025-11-06T18:40:00.000,3,mf,cxa,xiamen airlines,mf870,cxa870,870,2025-11-06T16:33:00.000,2025-11-06T16:33:00.000,,53,2025-11-06T16:33:00.000,2025-11-06T16:10:00.000,A,HAN,VVNB,2025-11-06T15:40:00.000,2,VN3532,HVN3532,3532,
active,departure,7808D0,B738,B-5656,MF,CXA,Xiamen Airlines,,,,47,,2025-11-06T19:26:00.000,9,XMN,ZSAM,2025-11-06T18:40:00.000,3,,,,,,,2025-11-06T16:33:00.000,2025-11-06T16:33:00.000,,53,2025-11-06T16:33:00.000,2025-11-06T16:10:00.000,A,HAN,VVNB,2025-11-06T15:40:00.000,2,MF870,CXA870,870,
active,departure,,321,,3U,CSC,Sichuan Airlines,,,47,,,,,CAN,ZGGG,2025-11-06T18:25:00.000,2,cz,csn,china southern airlines,cz8316,csn8316,8316,,,,64,,2025-11-06T16:49:00.000,31,HAN,VVNB,2025-11-06T15:45:00.000,2,3U7086,CSC7086,7086,
active,departure,,321,,VN,HVN,Vietnam Airlines,,,47,,,,,CAN,ZGGG,2025-11-06T18:25:00.000,2,cz,csn,china southern airlines,cz8316,csn8316,8316,,,,64,,2025-11-06T16:49:00.000,31,HAN,VVNB,2025-11-06T15:45:00.000,2,VN3526,HVN3526,3526,
active,departure,,321,,CZ,CSN,China Southern Airlines,,,47,,,,,CAN,ZGGG,2025-11-06T18:25:00.000,2,,,,,,,,,,64,,2025-11-06T16:49:00.000,31,HAN,VVNB,2025-11-06T15:45:00.000,2,CZ8316,CSN8316,8316,
active,departure,78092C,B738,B-5701,VN,HVN,Vietnam Airlines,,,1,4,,2025-11-06T18:18:00.000,,KMG,ZPPP,2025-11-06T18:15:00.000,,mu,ces,china eastern airlines,mu9606,ces9606,9606,2025-11-06T16:13:00.000,2025-11-06T16:13:00.000,,28,2025-11-06T16:13:00.000,2025-11-06T15:57:00.000,28,HAN,VVNB,2025-11-06T15:45:00.000,2,VN3516,HVN3516,3516,
active,departure,78092C,B738,B-5701,MU,CES,China Eastern Airlines,,,1,4,,2025-11-06T18:18:00.000,,KMG,ZPPP,2025-11-06T18:15:00.000,,,,,,,,2025-11-06T16:13:00.000,2025-11-06T16:13:00.000,,28,2025-11-06T16:13:00.000,2025-11-06T15:57:00.000,28,HAN,VVNB,2025-11-06T15:45:00.000,2,MU9606,CES9606,9606,
active,departure,8881F2,A21N,VN-A547,H1,H1,,,,,38,,2025-11-06T18:18:00.000,,BKK,VTBS,2025-11-06T17:40:00.000,,vj,vjc,vietjet air,vj903,vjc903,903,2025-11-06T16:40:00.000,2025-11-06T16:40:00.000,,51,2025-11-06T16:40:00.000,2025-11-06T15:50:00.000,,HAN,VVNB,2025-11-06T15:50:00.000,2,H15163,H15163,5163,
active,departure,8881F2,A21N,VN-A547,A1,A1,,,,,38,,2025-11-06T18:18:00.000,,BKK,VTBS,2025-11-06T17:40:00.000,,vj,vjc,vietjet air,vj903,vjc903,903,2025-11-06T16:40:00.000,2025-11-06T16:40:00.000,,51,2025-11-06T16:40:00.000,2025-11-06T15:50:00.000,,HAN,VVNB,2025-11-06T15:50:00.000,2,A12903,A12903,2903,
active,departure,8881F2,A21N,VN-A547,W2,FXT,FlexFlight,,,,38,,2025-11-06T18:18:00.000,,BKK,VTBS,2025-11-06T17:40:00.000,,vj,vjc,vietjet air,vj903,vjc903,903,2025-11-06T16:40:00.000,2025-11-06T16:40:00.000,,51,2025-11-06T16:40:00.000,2025-11-06T15:50:00.000,,HAN,VVNB,2025-11-06T15:50:00.000,2,W24903,FXT4903,4903,
active,departure,8881F2,A21N,VN-A547,VJ,VJC,VietJet Air,,,,38,,2025-11-06T18:18:00.000,,BKK,VTBS,2025-11-06T17:40:00.000,,,,,,,,2025-11-06T16:40:00.000,2025-11-06T16:40:00.000,,51,2025-11-06T16:40:00.000,2025-11-06T15:50:00.000,,HAN,VVNB,2025-11-06T15:50:00.000,2,VJ903,VJC903,903,
active,departure,8880B3,A321,VN-A604,LY,ELY,El Al,,,,2,,2025-11-06T17:57:00.000,,BKK,VTBS,2025-11-06T17:55:00.000,,vn,hvn,vietnam airlines,vn619,hvn619,619,2025-11-06T16:21:00.000,2025-11-06T16:21:00.000,,31,2025-11-06T16:21:00.000,2025-11-06T15:50:00.000,,HAN,VVNB,2025-11-06T15:50:00.000,2,LY8244,ELY8244,8244,
active,departure,8880B3,A321,VN-A604,K6,KHV,Cambodia Angkor Air,,,,2,,2025-11-06T17:57:00.000,,BKK,VTBS,2025-11-06T17:55:00.000,,vn,hvn,vietnam airlines,vn619,hvn619,619,2025-11-06T16:21:00.000,2025-11-06T16:21:00.000,,31,2025-11-06T16:21:00.000,2025-11-06T15:50:00.000,,HAN,VVNB,2025-11-06T15:50:00.000,2,K63619,KHV3619,3619,
active,departure,8880B3,A321,VN-A604,PG,BKP,Bangkok Airways,,,,2,,2025-11-06T17:57:00.000,,BKK,VTBS,2025-11-06T17:55:00.000,,vn,hvn,vietnam airlines,vn619,hvn619,619,2025-11-06T16:21:00.000,2025-11-06T16:21:00.000,,31,2025-11-06T16:21:00.000,2025-11-06T15:50:00.000,,HAN,VVNB,2025-11-06T15:50:00.000,2,PG4286,BKP4286,4286,
active,departure,8880B3,A321,VN-A604,KL,KLM,KLM,,,,2,,2025-11-06T17:57:00.000,,BKK,VTBS,2025-11-06T17:55:00.000,,vn,hvn,vietnam airlines,vn619,hvn619,619,2025-11-06T16:21:00.000,2025-11-06T16:21:00.000,,31,2025-11-06T16:21:00.000,2025-11-06T15:50:00.000,,HAN,VVNB,2025-11-06T15:50:00.000,2,KL3087,KLM3087,3087,
active,departure,8880B3,A321,VN-A604,KQ,KQA,Kenya Airways,,,,2,,2025-11-06T17:57:00.000,,BKK,VTBS,2025-11-06T17:55:00.000,,vn,hvn,vietnam airlines,vn619,hvn619,619,2025-11-06T16:21:00.000,2025-11-06T16:21:00.000,,31,2025-11-06T16:21:00.000,2025-11-06T15:50:00.000,,HAN,VVNB,2025-11-06T15:50:00.000,2,KQ5303,KQA5303,5303,
active,departure,8880B3,A321,VN-A604,SK,SAS,SAS,,,,2,,2025-11-06T17:57:00.000,,BKK,VTBS,2025-11-06T17:55:00.000,,vn,hvn,vietnam airlines,vn619,hvn619,619,2025-11-06T16:21:00.000,2025-11-06T16:21:00.000,,31,2025-11-06T16:21:00.000,2025-11-06T15:50:00.000,,HAN,VVNB,2025-11-06T15:50:00.000,2,SK8252,SAS8252,8252,
active,departure,8880B3,A321,VN-A604,VN,HVN,Vietnam Airlines,,,,2,,2025-11-06T17:57:00.000,,BKK,VTBS,2025-11-06T17:55:00.000,,,,,,,,2025-11-06T16:21:00.000,2025-11-06T16:21:00.000,,31,2025-11-06T16:21:00.000,2025-11-06T15:50:00.000,,HAN,VVNB,2025-11-06T15:50:00.000,2,VN619,HVN619,619,
active,departure,,321,,A1,A1,,,,,,,,,SGN,VVTS,2025-11-06T18:10:00.000,1,vj,vjc,vietjet air,vj191,vjc191,191,,,,,,2025-11-06T15:55:00.000,,HAN,VVNB,2025-11-06T15:55:00.000,1,A12191,A12191,2191,
active,departure,,321,,W2,FXT,FlexFlight,,,,,,,,SGN,VVTS,2025-11-06T18:10:00.000,1,vj,vjc,vietjet air,vj191,vjc191,191,,,,,,2025-11-06T15:55:00.000,,HAN,VVNB,2025-11-06T15:55:00.000,1,W24191,FXT4191,4191,
active,departure,,321,,H1,H1,,,,,,,,,SGN,VVTS,2025-11-06T18:10:00.000,1,vj,vjc,vietjet air,vj191,vjc191,191,,,,,,2025-11-06T15:55:00.000,,HAN,VVNB,2025-11-06T15:55:00.000,1,H14396,H14396,4396,
active,departure,,321,,VJ,VJC,VietJet Air,,,,,,,,SGN,VVTS,2025-11-06T18:10:00.000,1,,,,,,,,,,,,2025-11-06T15:55:00.000,,HAN,VVNB,2025-11-06T15:55:00.000,1,VJ191,VJC191,191,
active,departure,88815C,A21N,VN-A693,H1,H1,,,,,14,,2025-11-06T17:44:00.000,,PXU,VVPK,2025-11-06T17:30:00.000,,vj,vjc,vietjet air,vj423,vjc423,423,2025-11-06T16:30:00.000,2025-11-06T16:30:00.000,,36,2025-11-06T16:30:00.000,2025-11-06T15:55:00.000,,HAN,VVNB,2025-11-06T15:55:00.000,1,H15192,H15192,5192,
active,departure,88815C,A21N,VN-A693,A1,A1,,,,,14,,2025-11-06T17:44:00.000,,PXU,VVPK,2025-11-06T17:30:00.000,,vj,vjc,vietjet air,vj423,vjc423,423,2025-11-06T16:30:00.000,2025-11-06T16:30:00.000,,36,2025-11-06T16:30:00.000,2025-11-06T15:55:00.000,,HAN,VVNB,2025-11-06T15:55:00.000,1,A12423,A12423,2423,
active,departure,88815C,A21N,VN-A693,W2,FXT,FlexFlight,,,,14,,2025-11-06T17:44:00.000,,PXU,VVPK,2025-11-06T17:30:00.000,,vj,vjc,vietjet air,vj423,vjc423,423,2025-11-06T16:30:00.000,2025-11-06T16:30:00.000,,36,2025-11-06T16:30:00.000,2025-11-06T15:55:00.000,,HAN,VVNB,2025-11-06T15:55:00.000,1,W24423,FXT4423,4423,
active,departure,88815C,A21N,VN-A693,VJ,VJC,VietJet Air,,,,14,,2025-11-06T17:44:00.000,,PXU,VVPK,2025-11-06T17:30:00.000,,,,,,,,2025-11-06T16:30:00.000,2025-11-06T16:30:00.000,,36,2025-11-06T16:30:00.000,2025-11-06T15:55:00.000,,HAN,VVNB,2025-11-06T15:55:00.000,1,VJ423,VJC423,423,
active,departure,888176,A21N,VN-A501,VN,HVN,Vietnam Airlines,,,,10,,2025-11-06T18:09:00.000,,CXR,VVCR,2025-11-06T18:00:00.000,1,,,,,,,2025-11-06T16:35:00.000,2025-11-06T16:35:00.000,,36,2025-11-06T16:35:00.000,2025-11-06T16:00:00.000,,HAN,VVNB,2025-11-06T16:00:00.000,1,VN7551,HVN7551,7551,
active,departure,,787,,VN,HVN,Vietnam Airlines,,,,,,,,SGN,VVTS,2025-11-06T18:10:00.000,3,,,,,,,,,,,,2025-11-06T16:00:00.000,,HAN,VVNB,2025-11-06T16:00:00.000,1,VN273,HVN273,273,
active,departure,,320,,A1,A1,,,,,,,,,DLI,VVDL,2025-11-06T17:55:00.000,,vj,vjc,vietjet air,vj409,vjc409,409,,,,,,2025-11-06T16:05:00.000,,HAN,VVNB,2025-11-06T16:05:00.000,1,A12409,A12409,2409,
active,departure,,320,,W2,FXT,FlexFlight,,,,,,,,DLI,VVDL,2025-11-06T17:55:00.000,,vj,vjc,vietjet air,vj409,vjc409,409,,,,,,2025-11-06T16:05:00.000,,HAN,VVNB,2025-11-06T16:05:00.000,1,W24409,FXT4409,4409,
active,departure,,320,,H1,H1,,,,,,,,,DLI,VVDL,2025-11-06T17:55:00.000,,vj,vjc,vietjet air,vj409,vjc409,409,,,,,,2025-11-06T16:05:00.000,,HAN,VVNB,2025-11-06T16:05:00.000,1,H13247,H13247,3247,
active,departure,,320,,VJ,VJC,VietJet Air,,,,,,,,DLI,VVDL,2025-11-06T17:55:00.000,,,,,,,,,,,,,2025-11-06T16:05:00.000,,HAN,VVNB,2025-11-06T16:05:00.000,1,VJ409,VJC409,409,
active,departure,88804E,A321,VN-A353,VN,HVN,Vietnam Airlines,,,,21,,2025-11-06T17:50:00.000,,DAD,VVDN,2025-11-06T17:30:00.000,1,,,,,,,2025-11-06T16:47:00.000,2025-11-06T16:47:00.000,,38,2025-11-06T16:47:00.000,2025-11-06T16:10:00.000,,HAN,VVNB,2025-11-06T16:10:00.000,1,VN179,HVN179,179,
active,departure,,321,,VN,HVN,Vietnam Airlines,,,,,,,,SZX,ZGSZ,2025-11-06T19:00:00.000,,cz,csn,china southern airlines,cz8470,csn8470,8470,,,,65,,2025-11-06T17:15:00.000,23,HAN,VVNB,2025-11-06T16:10:00.000,2,VN3546,HVN3546,3546,
active,departure,,321,,CZ,CSN,China Southern Airlines,,,,,,,,SZX,ZGSZ,2025-11-06T19:00:00.000,,,,,,,,,,,65,,2025-11-06T17:15:00.000,23,HAN,VVNB,2025-11-06T16:10:00.000,2,CZ8470,CSN8470,8470,
active,departure,4D244F,A320,9H-MLW,X9,NVD,JSC Avion Express,,,,53,,2025-11-06T19:18:00.000,,SGN,VVTS,2025-11-06T18:25:00.000,,,,,,,,2025-11-06T16:54:00.000,2025-11-06T16:54:00.000,,44,2025-11-06T16:54:00.000,,,HAN,VVNB,2025-11-06T16:10:00.000,,X9779,NVD779,779,
active,departure,8881F0,A21N,VN-A545,H1,H1,,,,,5,,2025-11-06T18:09:00.000,,SAI,VDSA,2025-11-06T18:05:00.000,,vj,vjc,vietjet air,vj913,vjc913,913,2025-11-06T16:51:00.000,2025-11-06T16:51:00.000,,31,2025-11-06T16:51:00.000,2025-11-06T16:20:00.000,,HAN,VVNB,2025-11-06T16:20:00.000,2,H14024,H14024,4024,
active,departure,8881F0,A21N,VN-A545,A1,A1,,,,,5,,2025-11-06T18:09:00.000,,SAI,VDSA,2025-11-06T18:05:00.000,,vj,vjc,vietjet air,vj913,vjc913,913,2025-11-06T16:51:00.000,2025-11-06T16:51:00.000,,31,2025-11-06T16:51:00.000,2025-11-06T16:20:00.000,,HAN,VVNB,2025-11-06T16:20:00.000,2,A12913,A12913,2913,
active,departure,8881F0,A21N,VN-A545,W2,FXT,FlexFlight,,,,5,,2025-11-06T18:09:00.000,,SAI,VDSA,2025-11-06T18:05:00.000,,vj,vjc,vietjet air,vj913,vjc913,913,2025-11-06T16:51:00.000,2025-11-06T16:51:00.000,,31,2025-11-06T16:51:00.000,2025-11-06T16:20:00.000,,HAN,VVNB,2025-11-06T16:20:00.000,2,W24913,FXT4913,4913,
active,departure,8881F0,A21N,VN-A545,VJ,VJC,VietJet Air,,,,5,,2025-11-06T18:09:00.000,,SAI,VDSA,2025-11-06T18:05:00.000,,,,,,,,2025-11-06T16:51:00.000,2025-11-06T16:51:00.000,,31,2025-11-06T16:51:00.000,2025-11-06T16:20:00.000,,HAN,VVNB,2025-11-06T16:20:00.000,2,VJ913,VJC913,913,
active,departure,,321,,A1,A1,,,,,,,,,DAD,VVDN,2025-11-06T17:45:00.000,1,vj,vjc,vietjet air,vj515,vjc515,515,,,,,,2025-11-06T16:25:00.000,,HAN,VVNB,2025-11-06T16:25:00.000,1,A12515,A12515,2515,
active,departure,,321,,W2,FXT,FlexFlight,,,,,,,,DAD,VVDN,2025-11-06T17:45:00.000,1,vj,vjc,vietjet air,vj515,vjc515,515,,,,,,2025-11-06T16:25:00.000,,HAN,VVNB,2025-11-06T16:25:00.000,1,W24515,FXT4515,4515,
active,departure,,321,,H1,H1,,,,,,,,,DAD,VVDN,2025-11-06T17:45:00.000,1,vj,vjc,vietjet air,vj515,vjc515,515,,,,,,2025-11-06T16:25:00.000,,HAN,VVNB,2025-11-06T16:25:00.000,1,H14466,H14466,4466,
active,departure,,321,,VJ,VJC,VietJet Air,,,,,,,,DAD,VVDN,2025-11-06T17:45:00.000,1,,,,,,,,,,,,2025-11-06T16:25:00.000,,HAN,VVNB,2025-11-06T16:25:00.000,1,VJ515,VJC515,515,
active,departure,,737,,QH,BAV,Bamboo Airways,,,,,,,,SGN,VVTS,2025-11-06T18:45:00.000,3,,,,,,,,,,,,2025-11-06T16:30:00.000,,HAN,VVNB,2025-11-06T16:30:00.000,1,QH255,BAV255,255,
active,departure,8880AE,A321,VN-A603,AF,AFR,Air France,,,,23,,2025-11-06T18:07:00.000,,HUI,VVPB,2025-11-06T17:45:00.000,,vn,hvn,vietnam airlines,vn1545,hvn1545,1545,2025-11-06T17:14:00.000,2025-11-06T17:14:00.000,,45,2025-11-06T17:14:00.000,2025-11-06T16:30:00.000,,HAN,VVNB,2025-11-06T16:30:00.000,1,AF3323,AFR3323,3323,
active,departure,8880AE,A321,VN-A603,VN,HVN,Vietnam Airlines,,,,23,,2025-11-06T18:07:00.000,,HUI,VVPB,2025-11-06T17:45:00.000,,,,,,,,2025-11-06T17:14:00.000,2025-11-06T17:14:00.000,,45,2025-11-06T17:14:00.000,2025-11-06T16:30:00.000,,HAN,VVNB,2025-11-06T16:30:00.000,1,VN1545,HVN1545,1545,
active,departure,888170,A21N,VN-A625,VN,HVN,Vietnam Airlines,,,,7,,2025-11-06T18:56:00.000,,VCA,VVCT,2025-11-06T18:50:00.000,,,,,,,,2025-11-06T17:06:00.000,2025-11-06T17:06:00.000,,31,2025-11-06T17:06:00.000,2025-11-06T16:46:00.000,,HAN,VVNB,2025-11-06T16:35:00.000,1,VN1207,HVN1207,1207,
active,departure,70801C,A320,RDPL-34199,VJ,VJC,VietJet Air,,,,21,,2025-11-06T18:01:00.000,,VTE,VLVT,2025-11-06T17:40:00.000,I,qv,lao,lao airlines,qv312,lao312,312,2025-11-06T17:10:00.000,2025-11-06T17:10:00.000,,31,2025-11-06T17:10:00.000,2025-11-06T16:40:00.000,,HAN,VVNB,2025-11-06T16:40:00.000,2,VJ6921,VJC6921,6921,
active,departure,70801C,A320,RDPL-34199,QV,LAO,Lao Airlines,,,,21,,2025-11-06T18:01:00.000,,VTE,VLVT,2025-11-06T17:40:00.000,I,,,,,,,2025-11-06T17:10:00.000,2025-11-06T17:10:00.000,,31,2025-11-06T17:10:00.000,2025-11-06T16:40:00.000,,HAN,VVNB,2025-11-06T16:40:00.000,2,QV312,LAO312,312,
active,departure,,320,,VJ,VJC,VietJet Air,,,,,,,,VTE,VLVT,2025-11-06T17:40:00.000,I,,,,,,,,,,,,,,HAN,VVNB,2025-11-06T16:40:00.000,2,VJ6921,VJC6921,6921,
active,departure,,321,,CI,CAL,China Airlines,,,,,,,,CXR,VVCR,2025-11-06T18:40:00.000,1,vn,hvn,vietnam airlines,vn1563,hvn1563,1563,,,,,,2025-11-06T16:45:00.000,,HAN,VVNB,2025-11-06T16:45:00.000,1,CI8785,CAL8785,8785,
active,departure,,321,,VN,HVN,Vietnam Airlines,,,,,,,,CXR,VVCR,2025-11-06T18:40:00.000,1,,,,,,,,,,,,2025-11-06T16:45:00.000,,HAN,VVNB,2025-11-06T16:45:00.000,1,VN1563,HVN1563,1563,
active,departure,888210,A321,VN-A129,VU,VAG,Vietravel Airlines,,,,11,,2025-11-06T18:20:00.000,,DAD,VVDN,2025-11-06T18:10:00.000,1,,,,,,,2025-11-06T17:18:00.000,2025-11-06T17:18:00.000,,28,2025-11-06T17:18:00.000,2025-11-06T16:50:00.000,,HAN,VVNB,2025-11-06T16:50:00.000,1,VU639,VAG639,639,
active,departure,8880F8,B789,VN-A868,K6,KHV,Cambodia Angkor Air,,,,,,2025-11-06T19:05:00.000,,SGN,VVTS,2025-11-06T19:10:00.000,3,vn,hvn,vietnam airlines,vn217,hvn217,217,2025-11-06T17:25:00.000,2025-11-06T17:25:00.000,,26,2025-11-06T17:25:00.000,2025-11-06T17:00:00.000,,HAN,VVNB,2025-11-06T17:00:00.000,1,K63217,KHV3217,3217,
active,departure,8880F8,B789,VN-A868,VN,HVN,Vietnam Airlines,,,,,,2025-11-06T19:05:00.000,,SGN,VVTS,2025-11-06T19:10:00.000,3,,,,,,,2025-11-06T17:25:00.000,2025-11-06T17:25:00.000,,26,2025-11-06T17:25:00.000,2025-11-06T17:00:00.000,,HAN,VVNB,2025-11-06T17:00:00.000,1,VN217,HVN217,217,
active,departure,8881B6,A20N,VN-A514,TK,THY,Turkish Airlines,,,,10,,2025-11-06T18:35:00.000,,DAD,VVDN,2025-11-06T18:25:00.000,1,vn,hvn,vietnam airlines,vn187,hvn187,187,2025-11-06T17:34:00.000,2025-11-06T17:34:00.000,,29,2025-11-06T17:34:00.000,2025-11-06T17:05:00.000,,HAN,VVNB,2025-11-06T17:05:00.000,1,TK9229,THY9229,9229,
active,departure,8881B6,A20N,VN-A514,VN,HVN,Vietnam Airlines,,,,10,,2025-11-06T18:35:00.000,,DAD,VVDN,2025-11-06T18:25:00.000,1,,,,,,,2025-11-06T17:34:00.000,2025-11-06T17:34:00.000,,29,2025-11-06T17:34:00.000,2025-11-06T17:05:00.000,,HAN,VVNB,2025-11-06T17:05:00.000,1,VN187,HVN187,187,
active,departure,,320,,JL,JTL,Jet Linx Aviation,,,,,,,,SGN,VVTS,2025-11-06T19:20:00.000,1,vj,vjc,vietjet air,vj147,vjc147,147,,,,,,2025-11-06T17:10:00.000,,HAN,VVNB,2025-11-06T17:10:00.000,1,JL5756,JTL5756,5756,
active,departure,,320,,A1,A1,,,,,,,,,SGN,VVTS,2025-11-06T19:20:00.000,1,vj,vjc,vietjet air,vj147,vjc147,147,,,,,,2025-11-06T17:10:00.000,,HAN,VVNB,2025-11-06T17:10:00.000,1,A12147,A12147,2147,
active,departure,,320,,W2,FXT,FlexFlight,,,,,,,,SGN,VVTS,2025-11-06T19:20:00.000,1,vj,vjc,vietjet air,vj147,vjc147,147,,,,,,2025-11-06T17:10:00.000,,HAN,VVNB,2025-11-06T17:10:00.000,1,W24147,FXT4147,4147,
active,departure,,320,,H1,H1,,,,,,,,,SGN,VVTS,2025-11-06T19:20:00.000,1,vj,vjc,vietjet air,vj147,vjc147,147,,,,,,2025-11-06T17:10:00.000,,HAN,VVNB,2025-11-06T17:10:00.000,1,H14448,H14448,4448,
active,departure,,320,,VJ,VJC,VietJet Air,,,,,,,,SGN,VVTS,2025-11-06T19:20:00.000,1,,,,,,,,,,,,2025-11-06T17:10:00.000,,HAN,VVNB,2025-11-06T17:10:00.000,1,VJ147,VJC147,147,
active,departure,888040,A321,VN-A685,A1,A1,,,,,,,2025-11-06T19:35:00.000,,VCA,VVCT,2025-11-06T19:35:00.000,,vj,vjc,vietjet air,vj465,vjc465,465,2025-11-06T17:45:00.000,2025-11-06T17:45:00.000,,21,2025-11-06T17:45:00.000,2025-11-06T17:25:00.000,,HAN,VVNB,2025-11-06T17:25:00.000,1,A12465,A12465,2465,
active,departure,888040,A321,VN-A685,W2,FXT,FlexFlight,,,,,,2025-11-06T19:35:00.000,,VCA,VVCT,2025-11-06T19:35:00.000,,vj,vjc,vietjet air,vj465,vjc465,465,2025-11-06T17:45:00.000,2025-11-06T17:45:00.000,,21,2025-11-06T17:45:00.000,2025-11-06T17:25:00.000,,HAN,VVNB,2025-11-06T17:25:00.000,1,W24465,FXT4465,4465,
active,departure,888040,A321,VN-A685,H1,H1,,,,,,,2025-11-06T19:35:00.000,,VCA,VVCT,2025-11-06T19:35:00.000,,vj,vjc,vietjet air,vj465,vjc465,465,2025-11-06T17:45:00.000,2025-11-06T17:45:00.000,,21,2025-11-06T17:45:00.000,2025-11-06T17:25:00.000,,HAN,VVNB,2025-11-06T17:25:00.000,1,H14459,H14459,4459,
active,departure,888040,A321,VN-A685,VJ,VJC,VietJet Air,,,,,,2025-11-06T19:35:00.000,,VCA,VVCT,2025-11-06T19:35:00.000,,,,,,,,2025-11-06T17:45:00.000,2025-11-06T17:45:00.000,,21,2025-11-06T17:45:00.000,2025-11-06T17:25:00.000,,HAN,VVNB,2025-11-06T17:25:00.000,1,VJ465,VJC465,465,
active,departure,8880CA,A321,VN-A611,CI,CAL,China Airlines,,,1,,,2025-11-06T20:48:00.000,C5R,TPE,RCTP,2025-11-06T21:10:00.000,2,vn,hvn,vietnam airlines,vn578,hvn578,578,2025-11-06T17:31:00.000,2025-11-06T17:31:00.000,,7,2025-11-06T17:31:00.000,2025-11-06T17:25:00.000,24,HAN,VVNB,2025-11-06T17:25:00.000,2,CI9122,CAL9122,9122,
active,departure,8880CA,A321,VN-A611,VN,HVN,Vietnam Airlines,,,1,,,2025-11-06T20:48:00.000,C5R,TPE,RCTP,2025-11-06T21:10:00.000,2,,,,,,,2025-11-06T17:31:00.000,2025-11-06T17:31:00.000,,7,2025-11-06T17:31:00.000,2025-11-06T17:25:00.000,24,HAN,VVNB,2025-11-06T17:25:00.000,2,VN578,HVN578,578,
active,departure,8991B4,A333,B-18306,VN,HVN,Vietnam Airlines,,,5,4,,2025-11-06T21:13:00.000,A2,TPE,RCTP,2025-11-06T21:10:00.000,1,ci,cal,china airlines,ci794,cal794,794,2025-11-06T17:51:00.000,2025-11-06T17:51:00.000,,22,2025-11-06T17:51:00.000,2025-11-06T17:52:00.000,28,HAN,VVNB,2025-11-06T17:30:00.000,2,VN3586,HVN3586,3586,
active,departure,8991B4,A333,B-18306,CI,CAL,China Airlines,,,5,4,,2025-11-06T21:13:00.000,A2,TPE,RCTP,2025-11-06T21:10:00.000,1,,,,,,,2025-11-06T17:51:00.000,2025-11-06T17:51:00.000,,22,2025-11-06T17:51:00.000,2025-11-06T17:52:00.000,28,HAN,VVNB,2025-11-06T17:30:00.000,2,CI794,CAL794,794,
active,departure,,321,,K6,KHV,Cambodia Angkor Air,,,,,,,,SGN,VVTS,2025-11-06T19:40:00.000,3,vn,hvn,vietnam airlines,vn257,hvn257,257,,,,,,2025-11-06T17:30:00.000,,HAN,VVNB,2025-11-06T17:30:00.000,1,K63257,KHV3257,3257,
active,departure,,321,,VN,HVN,Vietnam Airlines,,,,,,,,SGN,VVTS,2025-11-06T19:40:00.000,3,,,,,,,,,,,,2025-11-06T17:30:00.000,,HAN,VVNB,2025-11-06T17:30:00.000,1,VN257,HVN257,257,
active,departure,8880EE,A320,VN-A656,A1,A1,,,,,,,2025-11-06T19:39:00.000,,PQC,VVPQ,2025-11-06T19:45:00.000,,vj,vjc,vietjet air,vj445,vjc445,445,2025-11-06T17:54:00.000,2025-11-06T17:54:00.000,,15,2025-11-06T17:54:00.000,2025-11-06T17:40:00.000,,HAN,VVNB,2025-11-06T17:40:00.000,1,A12445,A12445,2445,
active,departure,8880EE,A320,VN-A656,W2,FXT,FlexFlight,,,,,,2025-11-06T19:39:00.000,,PQC,VVPQ,2025-11-06T19:45:00.000,,vj,vjc,vietjet air,vj445,vjc445,445,2025-11-06T17:54:00.000,2025-11-06T17:54:00.000,,15,2025-11-06T17:54:00.000,2025-11-06T17:40:00.000,,HAN,VVNB,2025-11-06T17:40:00.000,1,W24445,FXT4445,4445,
active,departure,8880EE,A320,VN-A656,H1,H1,,,,,,,2025-11-06T19:39:00.000,,PQC,VVPQ,2025-11-06T19:45:00.000,,vj,vjc,vietjet air,vj445,vjc445,445,2025-11-06T17:54:00.000,2025-11-06T17:54:00.000,,15,2025-11-06T17:54:00.000,2025-11-06T17:40:00.000,,HAN,VVNB,2025-11-06T17:40:00.000,1,H13249,H13249,3249,
active,departure,8880EE,A320,VN-A656,VJ,VJC,VietJet Air,,,,,,2025-11-06T19:39:00.000,,PQC,VVPQ,2025-11-06T19:45:00.000,,,,,,,,2025-11-06T17:54:00.000,2025-11-06T17:54:00.000,,15,2025-11-06T17:54:00.000,2025-11-06T17:40:00.000,,HAN,VVNB,2025-11-06T17:40:00.000,1,VJ445,VJC445,445,
active,departure,,787,,VS,VIR,Virgin Atlantic,,,,,,,,BOM,VABB,2025-11-06T21:20:00.000,2,vn,hvn,vietnam airlines,vn973,hvn973,973,,,,,,2025-11-06T17:45:00.000,,HAN,VVNB,2025-11-06T17:45:00.000,2,VS5651,VIR5651,5651,
active,departure,,787,,VN,HVN,Vietnam Airlines,,,,,,,,BOM,VABB,2025-11-06T21:20:00.000,2,,,,,,,,,,,,2025-11-06T17:45:00.000,,HAN,VVNB,2025-11-06T17:45:00.000,2,VN973,HVN973,973,
active,departure,,321,,K6,KHV,Cambodia Angkor Air,,,,,,,,SGN,VVTS,2025-11-06T20:10:00.000,3,vn,hvn,vietnam airlines,vn259,hvn259,259,,,,15,,2025-11-06T18:15:00.000,,HAN,VVNB,2025-11-06T18:00:00.000,1,K63259,KHV3259,3259,
active,departure,,321,,VN,HVN,Vietnam Airlines,,,,,,,,SGN,VVTS,2025-11-06T20:10:00.000,3,,,,,,,,,,15,,2025-11-06T18:15:00.000,,HAN,VVNB,2025-11-06T18:00:00.000,1,VN259,HVN259,259,
active,departure,88808F,A321,VN-A329,K6,KHV,Cambodia Angkor Air,,,,17,,2025-11-06T19:56:00.000,,SAI,VDSA,2025-11-06T19:40:00.000,,vn,hvn,vietnam airlines,vn843,hvn843,843,2025-11-06T18:34:00.000,2025-11-06T18:34:00.000,,35,2025-11-06T18:34:00.000,2025-11-06T18:00:00.000,,HAN,VVNB,2025-11-06T18:00:00.000,2,K63843,KHV3843,3843,
active,departure,88808F,A321,VN-A329,VN,HVN,Vietnam Airlines,,,,17,,2025-11-06T19:56:00.000,,SAI,VDSA,2025-11-06T19:40:00.000,,,,,,,,2025-11-06T18:34:00.000,2025-11-06T18:34:00.000,,35,2025-11-06T18:34:00.000,2025-11-06T18:00:00.000,,HAN,VVNB,2025-11-06T18:00:00.000,2,VN843,HVN843,843,
active,departure,,321,,A1,A1,,,,,,,,,CXR,VVCR,2025-11-06T19:50:00.000,1,vj,vjc,vietjet air,vj779,vjc779,779,,,,,,2025-11-06T18:00:00.000,,HAN,VVNB,2025-11-06T18:00:00.000,1,A12779,A12779,2779,
active,departure,,321,,W2,FXT,FlexFlight,,,,,,,,CXR,VVCR,2025-11-06T19:50:00.000,1,vj,vjc,vietjet air,vj779,vjc779,779,,,,,,2025-11-06T18:00:00.000,,HAN,VVNB,2025-11-06T18:00:00.000,1,W24779,FXT4779,4779,
active,departure,,321,,H1,H1,,,,,,,,,CXR,VVCR,2025-11-06T19:50:00.000,1,vj,vjc,vietjet air,vj779,vjc779,779,,,,,,2025-11-06T18:00:00.000,,HAN,VVNB,2025-11-06T18:00:00.000,1,H14439,H14439,4439,
active,departure,,321,,VJ,VJC,VietJet Air,,,,,,,,CXR,VVCR,2025-11-06T19:50:00.000,1,,,,,,,,,,,,2025-11-06T18:00:00.000,,HAN,VVNB,2025-11-06T18:00:00.000,1,VJ779,VJC779,779,
active,departure,888171,A21N,VN-A525,H1,H1,,,,,,,2025-11-06T20:11:00.000,,SGN,VVTS,2025-11-06T20:20:00.000,1,vj,vjc,vietjet air,vj193,vjc193,193,2025-11-06T18:28:00.000,2025-11-06T18:28:00.000,,19,2025-11-06T18:28:00.000,2025-11-06T18:10:00.000,,HAN,VVNB,2025-11-06T18:10:00.000,1,H14373,H14373,4373,
active,departure,888171,A21N,VN-A525,A1,A1,,,,,,,2025-11-06T20:11:00.000,,SGN,VVTS,2025-11-06T20:20:00.000,1,vj,vjc,vietjet air,vj193,vjc193,193,2025-11-06T18:28:00.000,2025-11-06T18:28:00.000,,19,2025-11-06T18:28:00.000,2025-11-06T18:10:00.000,,HAN,VVNB,2025-11-06T18:10:00.000,1,A12193,A12193,2193,
active,departure,888171,A21N,VN-A525,W2,FXT,FlexFlight,,,,,,2025-11-06T20:11:00.000,,SGN,VVTS,2025-11-06T20:20:00.000,1,vj,vjc,vietjet air,vj193,vjc193,193,2025-11-06T18:28:00.000,2025-11-06T18:28:00.000,,19,2025-11-06T18:28:00.000,2025-11-06T18:10:00.000,,HAN,VVNB,2025-11-06T18:10:00.000,1,W24193,FXT4193,4193,
active,departure,888171,A21N,VN-A525,VJ,VJC,VietJet Air,,,,,,2025-11-06T20:11:00.000,,SGN,VVTS,2025-11-06T20:20:00.000,1,,,,,,,2025-11-06T18:28:00.000,2025-11-06T18:28:00.000,,19,2025-11-06T18:28:00.000,2025-11-06T18:10:00.000,,HAN,VVNB,2025-11-06T18:10:00.000,1,VJ193,VJC193,193,
active,departure,78103F,A321,B-8502,CA,CCA,Air China LTD,,,25,,,2025-11-06T21:54:00.000,,PVG,ZSPD,2025-11-06T22:15:00.000,2,,,,,,,2025-11-06T18:12:00.000,2025-11-06T18:12:00.000,,,2025-11-06T18:12:00.000,2025-11-06T18:17:00.000,C,HAN,VVNB,2025-11-06T18:15:00.000,2,CA756,CCA756,756,
active,departure,888054,A321,VN-A358,CI,CAL,China Airlines,,,6,35,,2025-11-06T22:15:00.000,,KHH,RCKH,2025-11-06T21:40:00.000,I,vn,hvn,vietnam airlines,vn586,hvn586,586,2025-11-06T19:10:00.000,2025-11-06T19:10:00.000,,50,2025-11-06T19:10:00.000,2025-11-06T18:55:00.000,25,HAN,VVNB,2025-11-06T18:20:00.000,2,CI9586,CAL9586,9586,
active,departure,888054,A321,VN-A358,VN,HVN,Vietnam Airlines,,,6,35,,2025-11-06T22:15:00.000,,KHH,RCKH,2025-11-06T21:40:00.000,I,,,,,,,2025-11-06T19:10:00.000,2025-11-06T19:10:00.000,,50,2025-11-06T19:10:00.000,2025-11-06T18:55:00.000,25,HAN,VVNB,2025-11-06T18:20:00.000,2,VN586,HVN586,586,
unknown,departure,,321,,,,empty,,,,,,,,DAD,VVDN,2025-11-06T19:45:00.000,,,,,,,,,,,,,,,HAN,VVNB,2025-11-06T18:20:00.000,,,,6071,
active,departure,899054,A321,B-16212,BR,EVA,EVA Air,,,4,,,2025-11-06T21:43:00.000,C5R,TPE,RCTP,2025-11-06T21:55:00.000,2,,,,,,,2025-11-06T18:22:00.000,2025-11-06T18:22:00.000,,2,2025-11-06T18:22:00.000,2025-11-06T18:23:00.000,22,HAN,VVNB,2025-11-06T18:20:00.000,2,BR386,EVA386,386,
active,departure,,321,,VN,HVN,Vietnam Airlines,,,,,,,,DAD,VVDN,2025-11-06T19:45:00.000,1,,,,,,,,,,,,2025-11-06T18:20:00.000,,HAN,VVNB,2025-11-06T18:20:00.000,1,VN6071,HVN6071,6071,
active,departure,888061,A321,VN-A363,,,empty,,,,3,,2025-11-06T19:48:00.000,,DAD,VVDN,2025-11-06T19:45:00.000,1,,,,,,,2025-11-06T18:42:00.000,2025-11-06T18:42:00.000,,23,2025-11-06T18:42:00.000,,,HAN,VVNB,2025-11-06T18:20:00.000,1,,,6071,
active,departure,8990BC,A21N,B-58203,JX,SJX,STARLUX,,,1,,,2025-11-06T21:52:00.000,B4,TPE,RCTP,2025-11-06T22:05:00.000,1,,,,,,,2025-11-06T18:31:00.000,2025-11-06T18:31:00.000,,7,2025-11-06T18:31:00.000,2025-11-06T18:25:00.000,35,HAN,VVNB,2025-11-06T18:25:00.000,2,JX718,SJX718,718,
active,departure,76B451,B38M,9V-MBQ,AC,ACA,Air Canada,,,,,,2025-11-06T22:45:00.000,F35L,SIN,WSSS,2025-11-06T23:05:00.000,2,sq,sia,singapore airlines,sq193,sia193,193,2025-11-06T18:45:00.000,2025-11-06T18:45:00.000,,20,2025-11-06T18:45:00.000,2025-11-06T18:25:00.000,,HAN,VVNB,2025-11-06T18:25:00.000,2,AC5892,ACA5892,5892,
active,departure,76B451,B38M,9V-MBQ,AI,AIC,Air India,,,,,,2025-11-06T22:45:00.000,F35L,SIN,WSSS,2025-11-06T23:05:00.000,2,sq,sia,singapore airlines,sq193,sia193,193,2025-11-06T18:45:00.000,2025-11-06T18:45:00.000,,20,2025-11-06T18:45:00.000,2025-11-06T18:25:00.000,,HAN,VVNB,2025-11-06T18:25:00.000,2,AI8159,AIC8159,8159,
active,departure,76B451,B38M,9V-MBQ,NZ,ANZ,Air New Zealand,,,,,,2025-11-06T22:45:00.000,F35L,SIN,WSSS,2025-11-06T23:05:00.000,2,sq,sia,singapore airlines,sq193,sia193,193,2025-11-06T18:45:00.000,2025-11-06T18:45:00.000,,20,2025-11-06T18:45:00.000,2025-11-06T18:25:00.000,,HAN,VVNB,2025-11-06T18:25:00.000,2,NZ3217,ANZ3217,3217,
active,departure,76B451,B38M,9V-MBQ,VA,VOZ,Virgin Australia,,,,,,2025-11-06T22:45:00.000,F35L,SIN,WSSS,2025-11-06T23:05:00.000,2,sq,sia,singapore airlines,sq193,sia193,193,2025-11-06T18:45:00.000,2025-11-06T18:45:00.000,,20,2025-11-06T18:45:00.000,2025-11-06T18:25:00.000,,HAN,VVNB,2025-11-06T18:25:00.000,2,VA5497,VOZ5497,5497,
active,departure,76B451,B38M,9V-MBQ,VN,HVN,Vietnam Airlines,,,,,,2025-11-06T22:45:00.000,F35L,SIN,WSSS,2025-11-06T23:05:00.000,2,sq,sia,singapore airlines,sq193,sia193,193,2025-11-06T18:45:00.000,2025-11-06T18:45:00.000,,20,2025-11-06T18:45:00.000,2025-11-06T18:25:00.000,,HAN,VVNB,2025-11-06T18:25:00.000,2,VN3691,HVN3691,3691,
active,departure,76B451,B38M,9V-MBQ,SQ,SIA,Singapore Airlines,,,,,,2025-11-06T22:45:00.000,F35L,SIN,WSSS,2025-11-06T23:05:00.000,2,,,,,,,2025-11-06T18:45:00.000,2025-11-06T18:45:00.000,,20,2025-11-06T18:45:00.000,2025-11-06T18:25:00.000,,HAN,VVNB,2025-11-06T18:25:00.000,2,SQ193,SIA193,193,
active,departure,,321,,JL,JTL,Jet Linx Aviation,,,,,,,,SGN,VVTS,2025-11-06T20:40:00.000,1,vj,vjc,vietjet air,vj165,vjc165,165,,,,,,2025-11-06T18:30:00.000,,HAN,VVNB,2025-11-06T18:30:00.000,1,JL5754,JTL5754,5754,
active,departure,,321,,A1,A1,,,,,,,,,SGN,VVTS,2025-11-06T20:40:00.000,1,vj,vjc,vietjet air,vj165,vjc165,165,,,,,,2025-11-06T18:30:00.000,,HAN,VVNB,2025-11-06T18:30:00.000,1,A12165,A12165,2165,
active,departure,,321,,W2,FXT,FlexFlight,,,,,,,,SGN,VVTS,2025-11-06T20:40:00.000,1,vj,vjc,vietjet air,vj165,vjc165,165,,,,,,2025-11-06T18:30:00.000,,HAN,VVNB,2025-11-06T18:30:00.000,1,W24165,FXT4165,4165,
active,departure,,321,,H1,H1,,,,,,,,,SGN,VVTS,2025-11-06T20:40:00.000,1,vj,vjc,vietjet air,vj165,vjc165,165,,,,,,2025-11-06T18:30:00.000,,HAN,VVNB,2025-11-06T18:30:00.000,1,H14509,H14509,4509,
active,departure,,321,,VJ,VJC,VietJet Air,,,,,,,,SGN,VVTS,2025-11-06T20:40:00.000,1,,,,,,,,,,,,2025-11-06T18:30:00.000,,HAN,VVNB,2025-11-06T18:30:00.000,1,VJ165,VJC165,165,
active,departure,88808B,A321,VN-A324,VN,HVN,Vietnam Airlines,,,,,,2025-11-06T20:39:00.000,,SGN,VVTS,2025-11-06T20:50:00.000,3,,,,,,,2025-11-06T18:54:00.000,2025-11-06T18:54:00.000,,15,2025-11-06T18:54:00.000,2025-11-06T18:40:00.000,,HAN,VVNB,2025-11-06T18:40:00.000,1,VN231,HVN231,231,
active,departure,782151,A21N,B-32HX,MU,CES,China Eastern Airlines,,,15,,,2025-11-06T22:36:00.000,,PVG,ZSPD,2025-11-06T22:55:00.000,1,,,,,,,2025-11-06T18:57:00.000,2025-11-06T18:57:00.000,,12,2025-11-06T18:57:00.000,2025-11-06T19:04:00.000,21,HAN,VVNB,2025-11-06T18:45:00.000,2,MU6014,CES6014,6014,
active,departure,888053,A321,VN-A357,K6,KHV,Cambodia Angkor Air,,,,7,,2025-11-06T21:06:00.000,,BKK,VTBS,2025-11-06T21:00:00.000,,vn,hvn,vietnam airlines,vn617,hvn617,617,2025-11-06T19:31:00.000,2025-11-06T19:31:00.000,,36,2025-11-06T19:31:00.000,2025-11-06T18:55:00.000,,HAN,VVNB,2025-11-06T18:55:00.000,2,K63617,KHV3617,3617,
active,departure,888053,A321,VN-A357,PG,BKP,Bangkok Airways,,,,7,,2025-11-06T21:06:00.000,,BKK,VTBS,2025-11-06T21:00:00.000,,vn,hvn,vietnam airlines,vn617,hvn617,617,2025-11-06T19:31:00.000,2025-11-06T19:31:00.000,,36,2025-11-06T19:31:00.000,2025-11-06T18:55:00.000,,HAN,VVNB,2025-11-06T18:55:00.000,2,PG4282,BKP4282,4282,
active,departure,888053,A321,VN-A357,KL,KLM,KLM,,,,7,,2025-11-06T21:06:00.000,,BKK,VTBS,2025-11-06T21:00:00.000,,vn,hvn,vietnam airlines,vn617,hvn617,617,2025-11-06T19:31:00.000,2025-11-06T19:31:00.000,,36,2025-11-06T19:31:00.000,2025-11-06T18:55:00.000,,HAN,VVNB,2025-11-06T18:55:00.000,2,KL3085,KLM3085,3085,
active,departure,888053,A321,VN-A357,SK,SAS,SAS,,,,7,,2025-11-06T21:06:00.000,,BKK,VTBS,2025-11-06T21:00:00.000,,vn,hvn,vietnam airlines,vn617,hvn617,617,2025-11-06T19:31:00.000,2025-11-06T19:31:00.000,,36,2025-11-06T19:31:00.000,2025-11-06T18:55:00.000,,HAN,VVNB,2025-11-06T18:55:00.000,2,SK8206,SAS8206,8206,
active,departure,888053,A321,VN-A357,VN,HVN,Vietnam Airlines,,,,7,,2025-11-06T21:06:00.000,,BKK,VTBS,2025-11-06T21:00:00.000,,,,,,,,2025-11-06T19:31:00.000,2025-11-06T19:31:00.000,,36,2025-11-06T19:31:00.000,2025-11-06T18:55:00.000,,HAN,VVNB,2025-11-06T18:55:00.000,2,VN617,HVN617,617,
active,departure,8880F6,B789,VN-A866,CI,CAL,China Airlines,,,,,,,,SGN,VVTS,2025-11-06T21:10:00.000,3,vn,hvn,vietnam airlines,vn219,hvn219,219,2025-11-06T19:43:00.000,2025-11-06T19:43:00.000,,44,2025-11-06T19:43:00.000,2025-11-06T19:00:00.000,,HAN,VVNB,2025-11-06T19:00:00.000,1,CI8819,CAL8819,8819,
active,departure,8880F6,B789,VN-A866,K6,KHV,Cambodia Angkor Air,,,,,,,,SGN,VVTS,2025-11-06T21:10:00.000,3,vn,hvn,vietnam airlines,vn219,hvn219,219,2025-11-06T19:43:00.000,2025-11-06T19:43:00.000,,44,2025-11-06T19:43:00.000,2025-11-06T19:00:00.000,,HAN,VVNB,2025-11-06T19:00:00.000,1,K63219,KHV3219,3219,
active,departure,8880F6,B789,VN-A866,VN,HVN,Vietnam Airlines,,,,,,,,SGN,VVTS,2025-11-06T21:10:00.000,3,,,,,,,2025-11-06T19:43:00.000,2025-11-06T19:43:00.000,,44,2025-11-06T19:43:00.000,2025-11-06T19:00:00.000,,HAN,VVNB,2025-11-06T19:00:00.000,1,VN219,HVN219,219,
active,departure,888126,A320,VN-A675,H1,H1,,,,,,,,,AMD,VAAH,2025-11-06T23:10:00.000,2,vj,vjc,vietjet air,vj1925,vjc1925,1925,,,,35,,2025-11-06T19:35:00.000,,HAN,VVNB,2025-11-06T19:00:00.000,2,H15144,H15144,5144,
active,departure,888126,A320,VN-A675,W2,FXT,FlexFlight,,,,,,,,AMD,VAAH,2025-11-06T23:10:00.000,2,vj,vjc,vietjet air,vj1925,vjc1925,1925,,,,35,,2025-11-06T19:35:00.000,,HAN,VVNB,2025-11-06T19:00:00.000,2,W23925,FXT3925,3925,
active,departure,888126,A320,VN-A675,A1,A1,,,,,,,,,AMD,VAAH,2025-11-06T23:10:00.000,2,vj,vjc,vietjet air,vj1925,vjc1925,1925,,,,35,,2025-11-06T19:35:00.000,,HAN,VVNB,2025-11-06T19:00:00.000,2,A14925,A14925,4925,
active,departure,888126,A320,VN-A675,VJ,VJC,VietJet Air,,,,,,,,AMD,VAAH,2025-11-06T23:10:00.000,2,,,,,,,,,,35,,2025-11-06T19:35:00.000,,HAN,VVNB,2025-11-06T19:00:00.000,2,VJ1925,VJC1925,1925,
active,departure,,74Y,,CX,CPA,Cathay Pacific,,,,,,,,HKG,VHHH,2025-11-06T22:00:00.000,,,,,,,,,,,,,,,HAN,VVNB,2025-11-06T19:05:00.000,,CX3246,CPA3246,3246,
active,departure,,321,,CI,CAL,China Airlines,,,,,,,,DAD,VVDN,2025-11-06T20:25:00.000,1,vn,hvn,vietnam airlines,vn195,hvn195,195,,,,,,2025-11-06T19:05:00.000,,HAN,VVNB,2025-11-06T19:05:00.000,1,CI8855,CAL8855,8855,
active,departure,,321,,K6,KHV,Cambodia Angkor Air,,,,,,,,DAD,VVDN,2025-11-06T20:25:00.000,1,vn,hvn,vietnam airlines,vn195,hvn195,195,,,,,,2025-11-06T19:05:00.000,,HAN,VVNB,2025-11-06T19:05:00.000,1,K63195,KHV3195,3195,
active,departure,,321,,VN,HVN,Vietnam Airlines,,,,,,,,DAD,VVDN,2025-11-06T20:25:00.000,1,,,,,,,,,,,,2025-11-06T19:05:00.000,,HAN,VVNB,2025-11-06T19:05:00.000,1,VN195,HVN195,195,
active,departure,,321,,H1,H1,,,,,,,,,SGN,VVTS,2025-11-06T21:15:00.000,1,vj,vjc,vietjet air,vj173,vjc173,173,,,,,,2025-11-06T19:05:00.000,,HAN,VVNB,2025-11-06T19:05:00.000,1,H14045,H14045,4045,
active,departure,,321,,A1,A1,,,,,,,,,SGN,VVTS,2025-11-06T21:15:00.000,1,vj,vjc,vietjet air,vj173,vjc173,173,,,,,,2025-11-06T19:05:00.000,,HAN,VVNB,2025-11-06T19:05:00.000,1,A14505,A14505,4505,
active,departure,,321,,W2,FXT,FlexFlight,,,,,,,,SGN,VVTS,2025-11-06T21:15:00.000,1,vj,vjc,vietjet air,vj173,vjc173,173,,,,,,2025-11-06T19:05:00.000,,HAN,VVNB,2025-11-06T19:05:00.000,1,W24173,FXT4173,4173,
active,departure,,321,,A1,A1,,,,,,,,,SGN,VVTS,2025-11-06T21:15:00.000,1,vj,vjc,vietjet air,vj173,vjc173,173,,,,,,2025-11-06T19:05:00.000,,HAN,VVNB,2025-11-06T19:05:00.000,1,A12173,A12173,2173,
active,departure,,321,,VJ,VJC,VietJet Air,,,,,,,,SGN,VVTS,2025-11-06T21:15:00.000,1,,,,,,,,,,,,2025-11-06T19:05:00.000,,HAN,VVNB,2025-11-06T19:05:00.000,1,VJ173,VJC173,173,
active,departure,,321,,A1,A1,,,,,,,,,DAD,VVDN,2025-11-06T20:25:00.000,1,vj,vjc,vietjet air,vj517,vjc517,517,,,,,,2025-11-06T19:05:00.000,,HAN,VVNB,2025-11-06T19:05:00.000,1,A12517,A12517,2517,
active,departure,,321,,W2,FXT,FlexFlight,,,,,,,,DAD,VVDN,2025-11-06T20:25:00.000,1,vj,vjc,vietjet air,vj517,vjc517,517,,,,,,2025-11-06T19:05:00.000,,HAN,VVNB,2025-11-06T19:05:00.000,1,W24517,FXT4517,4517,
active,departure,,321,,H1,H1,,,,,,,,,DAD,VVDN,2025-11-06T20:25:00.000,1,vj,vjc,vietjet air,vj517,vjc517,517,,,,,,2025-11-06T19:05:00.000,,HAN,VVNB,2025-11-06T19:05:00.000,1,H14133,H14133,4133,
active,departure,,321,,VJ,VJC,VietJet Air,,,,,,,,DAD,VVDN,2025-11-06T20:25:00.000,1,,,,,,,,,,,,2025-11-06T19:05:00.000,,HAN,VVNB,2025-11-06T19:05:00.000,1,VJ517,VJC517,517,
active,departure,06A2EE,B789,A7-BHK,IB,IBE,Iberia,,,7,,,2025-11-06T22:05:00.000,,DOH,OTHH,2025-11-06T22:50:00.000,,qr,qtr,qatar airways,qr977,qtr977,977,2025-11-06T19:21:00.000,2025-11-06T19:21:00.000,,12,2025-11-06T19:21:00.000,2025-11-06T19:10:00.000,34,HAN,VVNB,2025-11-06T19:10:00.000,2,IB6184,IBE6184,6184,
active,departure,06A2EE,B789,A7-BHK,AY,FIN,Finnair,,,7,,,2025-11-06T22:05:00.000,,DOH,OTHH,2025-11-06T22:50:00.000,,qr,qtr,qatar airways,qr977,qtr977,977,2025-11-06T19:21:00.000,2025-11-06T19:21:00.000,,12,2025-11-06T19:21:00.000,2025-11-06T19:10:00.000,34,HAN,VVNB,2025-11-06T19:10:00.000,2,AY6680,FIN6680,6680,
active,departure,06A2EE,B789,A7-BHK,WB,RWD,RwandAir,,,7,,,2025-11-06T22:05:00.000,,DOH,OTHH,2025-11-06T22:50:00.000,,qr,qtr,qatar airways,qr977,qtr977,977,2025-11-06T19:21:00.000,2025-11-06T19:21:00.000,,12,2025-11-06T19:21:00.000,2025-11-06T19:10:00.000,34,HAN,VVNB,2025-11-06T19:10:00.000,2,WB1703,RWD1703,1703,
active,departure,06A2EE,B789,A7-BHK,B6,JBU,JetBlue Airways,,,7,,,2025-11-06T22:05:00.000,,DOH,OTHH,2025-11-06T22:50:00.000,,qr,qtr,qatar airways,qr977,qtr977,977,2025-11-06T19:21:00.000,2025-11-06T19:21:00.000,,12,2025-11-06T19:21:00.000,2025-11-06T19:10:00.000,34,HAN,VVNB,2025-11-06T19:10:00.000,2,B66577,JBU6577,6577,
active,departure,06A2EE,B789,A7-BHK,LA,LAN,LATAM Airlines,,,7,,,2025-11-06T22:05:00.000,,DOH,OTHH,2025-11-06T22:50:00.000,,qr,qtr,qatar airways,qr977,qtr977,977,2025-11-06T19:21:00.000,2025-11-06T19:21:00.000,,12,2025-11-06T19:21:00.000,2025-11-06T19:10:00.000,34,HAN,VVNB,2025-11-06T19:10:00.000,2,LA5276,LAN5276,5276,
active,departure,06A2EE,B789,A7-BHK,AA,AAL,American Airlines,,,7,,,2025-11-06T22:05:00.000,,DOH,OTHH,2025-11-06T22:50:00.000,,qr,qtr,qatar airways,qr977,qtr977,977,2025-11-06T19:21:00.000,2025-11-06T19:21:00.000,,12,2025-11-06T19:21:00.000,2025-11-06T19:10:00.000,34,HAN,VVNB,2025-11-06T19:10:00.000,2,AA8184,AAL8184,8184,
active,departure,06A2EE,B789,A7-BHK,BA,BAW,British Airways,,,7,,,2025-11-06T22:05:00.000,,DOH,OTHH,2025-11-06T22:50:00.000,,qr,qtr,qatar airways,qr977,qtr977,977,2025-11-06T19:21:00.000,2025-11-06T19:21:00.000,,12,2025-11-06T19:21:00.000,2025-11-06T19:10:00.000,34,HAN,VVNB,2025-11-06T19:10:00.000,2,BA4491,BAW4491,4491,
active,departure,06A2EE,B789,A7-BHK,QR,QTR,Qatar Airways,,,7,,,2025-11-06T22:05:00.000,,DOH,OTHH,2025-11-06T22:50:00.000,,,,,,,,2025-11-06T19:21:00.000,2025-11-06T19:21:00.000,,12,2025-11-06T19:21:00.000,2025-11-06T19:10:00.000,34,HAN,VVNB,2025-11-06T19:10:00.000,2,QR977,QTR977,977,
active,departure,8881C7,A333,VN-A812,A1,A1,,,,11,,,2025-11-06T22:08:00.000,,DEL,VIDP,2025-11-06T22:50:00.000,3,vj,vjc,vietjet air,vj971,vjc971,971,2025-11-06T19:37:00.000,2025-11-06T19:37:00.000,,28,2025-11-06T19:37:00.000,2025-11-06T19:18:00.000,,HAN,VVNB,2025-11-06T19:10:00.000,2,A12971,A12971,2971,
active,departure,8881C7,A333,VN-A812,W2,FXT,FlexFlight,,,11,,,2025-11-06T22:08:00.000,,DEL,VIDP,2025-11-06T22:50:00.000,3,vj,vjc,vietjet air,vj971,vjc971,971,2025-11-06T19:37:00.000,2025-11-06T19:37:00.000,,28,2025-11-06T19:37:00.000,2025-11-06T19:18:00.000,,HAN,VVNB,2025-11-06T19:10:00.000,2,W24971,FXT4971,4971,
active,departure,8881C7,A333,VN-A812,H1,H1,,,,11,,,2025-11-06T22:08:00.000,,DEL,VIDP,2025-11-06T22:50:00.000,3,vj,vjc,vietjet air,vj971,vjc971,971,2025-11-06T19:37:00.000,2025-11-06T19:37:00.000,,28,2025-11-06T19:37:00.000,2025-11-06T19:18:00.000,,HAN,VVNB,2025-11-06T19:10:00.000,2,H14136,H14136,4136,
active,departure,8881C7,A333,VN-A812,VJ,VJC,VietJet Air,,,11,,,2025-11-06T22:08:00.000,,DEL,VIDP,2025-11-06T22:50:00.000,3,,,,,,,2025-11-06T19:37:00.000,2025-11-06T19:37:00.000,,28,2025-11-06T19:37:00.000,2025-11-06T19:18:00.000,,HAN,VVNB,2025-11-06T19:10:00.000,2,VJ971,VJC971,971,
active,departure,70E049,A320,XU-356,VN,HVN,Vietnam Airlines,,,,10,,2025-11-06T21:19:00.000,,KTI,VDTI,2025-11-06T21:10:00.000,,k6,khv,cambodia angkor air,k6851,khv851,851,2025-11-06T19:46:00.000,2025-11-06T19:46:00.000,,32,2025-11-06T19:46:00.000,2025-11-06T19:15:00.000,,HAN,VVNB,2025-11-06T19:15:00.000,2,VN3867,HVN3867,3867,
active,departure,70E049,A320,XU-356,K6,KHV,Cambodia Angkor Air,,,,10,,2025-11-06T21:19:00.000,,KTI,VDTI,2025-11-06T21:10:00.000,,,,,,,,2025-11-06T19:46:00.000,2025-11-06T19:46:00.000,,32,2025-11-06T19:46:00.000,2025-11-06T19:15:00.000,,HAN,VVNB,2025-11-06T19:15:00.000,2,K6851,KHV851,851,
active,departure,708029,AT76,RDPL-34228,QV,LAO,Lao Airlines,,,,10,,2025-11-06T20:34:00.000,,LPQ,VLLB,2025-11-06T20:25:00.000,,,,,,,,2025-11-06T19:25:00.000,2025-11-06T19:25:00.000,,10,2025-11-06T19:25:00.000,2025-11-06T19:15:00.000,,HAN,VVNB,2025-11-06T19:15:00.000,2,QV314,LAO314,314,
active,departure,88816D,A21N,VN-A622,VN,HVN,Vietnam Airlines,,,,9,,2025-11-06T22:34:00.000,,BLR,VOBL,2025-11-06T22:25:00.000,2,,,,,,,2025-11-06T19:40:00.000,2025-11-06T19:40:00.000,,26,2025-11-06T19:40:00.000,2025-11-06T19:15:00.000,,HAN,VVNB,2025-11-06T19:15:00.000,2,VN983,HVN983,983,
active,departure,,321,,H1,H1,,,,,,,,,HUI,VVPB,2025-11-06T20:30:00.000,,vj,vjc,vietjet air,vj569,vjc569,569,,,,,,2025-11-06T19:15:00.000,,HAN,VVNB,2025-11-06T19:15:00.000,1,H14366,H14366,4366,
active,departure,,321,,A1,A1,,,,,,,,,HUI,VVPB,2025-11-06T20:30:00.000,,vj,vjc,vietjet air,vj569,vjc569,569,,,,,,2025-11-06T19:15:00.000,,HAN,VVNB,2025-11-06T19:15:00.000,1,A12569,A12569,2569,
active,departure,,321,,W2,FXT,FlexFlight,,,,,,,,HUI,VVPB,2025-11-06T20:30:00.000,,vj,vjc,vietjet air,vj569,vjc569,569,,,,,,2025-11-06T19:15:00.000,,HAN,VVNB,2025-11-06T19:15:00.000,1,W24569,FXT4569,4569,
active,departure,,321,,VJ,VJC,VietJet Air,,,,,,,,HUI,VVPB,2025-11-06T20:30:00.000,,,,,,,,,,,,,2025-11-06T19:15:00.000,,HAN,VVNB,2025-11-06T19:15:00.000,1,VJ569,VJC569,569,
active,departure,78921B,B773,B-HNS,BA,BAW,British Airways,,,10,8,,2025-11-06T22:32:00.000,,HKG,VHHH,2025-11-06T22:25:00.000,1,cx,cpa,cathay pacific,cx742,cpa742,742,2025-11-06T20:07:00.000,2025-11-06T20:07:00.000,,37,2025-11-06T20:07:00.000,2025-11-06T19:59:00.000,31,HAN,VVNB,2025-11-06T19:30:00.000,2,BA4564,BAW4564,4564,
active,departure,78921B,B773,B-HNS,QR,QTR,Qatar Airways,,,10,8,,2025-11-06T22:32:00.000,,HKG,VHHH,2025-11-06T22:25:00.000,1,cx,cpa,cathay pacific,cx742,cpa742,742,2025-11-06T20:07:00.000,2025-11-06T20:07:00.000,,37,2025-11-06T20:07:00.000,2025-11-06T19:59:00.000,31,HAN,VVNB,2025-11-06T19:30:00.000,2,QR5802,QTR5802,5802,
active,departure,78921B,B773,B-HNS,VN,HVN,Vietnam Airlines,,,10,8,,2025-11-06T22:32:00.000,,HKG,VHHH,2025-11-06T22:25:00.000,1,cx,cpa,cathay pacific,cx742,cpa742,742,2025-11-06T20:07:00.000,2025-11-06T20:07:00.000,,37,2025-11-06T20:07:00.000,2025-11-06T19:59:00.000,31,HAN,VVNB,2025-11-06T19:30:00.000,2,VN3566,HVN3566,3566,
active,departure,78921B,B773,B-HNS,CX,CPA,Cathay Pacific,,,10,8,,2025-11-06T22:32:00.000,,HKG,VHHH,2025-11-06T22:25:00.000,1,,,,,,,2025-11-06T20:07:00.000,2025-11-06T20:07:00.000,,37,2025-11-06T20:07:00.000,2025-11-06T19:59:00.000,31,HAN,VVNB,2025-11-06T19:30:00.000,2,CX742,CPA742,742,
active,departure,7811AB,B738,B-1478,CA,CCA,Air China LTD,,,18,6,,2025-11-06T22:26:00.000,,SZX,ZGSZ,2025-11-06T22:20:00.000,,zh,csz,shenzhen airlines,zh106,csz106,106,2025-11-06T20:04:00.000,2025-11-06T20:04:00.000,,24,2025-11-06T20:04:00.000,2025-11-06T19:42:00.000,24,HAN,VVNB,2025-11-06T19:40:00.000,2,CA7976,CCA7976,7976,
active,departure,7811AB,B738,B-1478,ZH,CSZ,Shenzhen Airlines,,,18,6,,2025-11-06T22:26:00.000,,SZX,ZGSZ,2025-11-06T22:20:00.000,,,,,,,,2025-11-06T20:04:00.000,2025-11-06T20:04:00.000,,24,2025-11-06T20:04:00.000,2025-11-06T19:42:00.000,24,HAN,VVNB,2025-11-06T19:40:00.000,2,ZH106,CSZ106,106,
active,departure,78008F,A320,B-6252,3U,CSC,Sichuan Airlines,,,47,5,,2025-11-06T22:30:00.000,,CAN,ZGGG,2025-11-06T22:25:00.000,2,cz,csn,china southern airlines,cz8178,csn8178,8178,2025-11-06T20:13:00.000,2025-11-06T20:13:00.000,,29,2025-11-06T20:13:00.000,2025-11-06T20:16:00.000,32,HAN,VVNB,2025-11-06T19:45:00.000,2,3U7082,CSC7082,7082,
active,departure,78008F,A320,B-6252,VN,HVN,Vietnam Airlines,,,47,5,,2025-11-06T22:30:00.000,,CAN,ZGGG,2025-11-06T22:25:00.000,2,cz,csn,china southern airlines,cz8178,csn8178,8178,2025-11-06T20:13:00.000,2025-11-06T20:13:00.000,,29,2025-11-06T20:13:00.000,2025-11-06T20:16:00.000,32,HAN,VVNB,2025-11-06T19:45:00.000,2,VN3524,HVN3524,3524,
active,departure,78008F,A320,B-6252,CZ,CSN,China Southern Airlines,,,47,5,,2025-11-06T22:30:00.000,,CAN,ZGGG,2025-11-06T22:25:00.000,2,,,,,,,2025-11-06T20:13:00.000,2025-11-06T20:13:00.000,,29,2025-11-06T20:13:00.000,2025-11-06T20:16:00.000,32,HAN,VVNB,2025-11-06T19:45:00.000,2,CZ8178,CSN8178,8178,
active,departure,888142,A321,VN-A645,H1,H1,,,,,8,,2025-11-06T21:13:00.000,,DAD,VVDN,2025-11-06T21:05:00.000,1,vj,vjc,vietjet air,vj519,vjc519,519,2025-11-06T20:09:00.000,2025-11-06T20:09:00.000,,25,2025-11-06T20:09:00.000,2025-11-06T19:45:00.000,,HAN,VVNB,2025-11-06T19:45:00.000,1,H14083,H14083,4083,
active,departure,888142,A321,VN-A645,A1,A1,,,,,8,,2025-11-06T21:13:00.000,,DAD,VVDN,2025-11-06T21:05:00.000,1,vj,vjc,vietjet air,vj519,vjc519,519,2025-11-06T20:09:00.000,2025-11-06T20:09:00.000,,25,2025-11-06T20:09:00.000,2025-11-06T19:45:00.000,,HAN,VVNB,2025-11-06T19:45:00.000,1,A12519,A12519,2519,
active,departure,888142,A321,VN-A645,W2,FXT,FlexFlight,,,,8,,2025-11-06T21:13:00.000,,DAD,VVDN,2025-11-06T21:05:00.000,1,vj,vjc,vietjet air,vj519,vjc519,519,2025-11-06T20:09:00.000,2025-11-06T20:09:00.000,,25,2025-11-06T20:09:00.000,2025-11-06T19:45:00.000,,HAN,VVNB,2025-11-06T19:45:00.000,1,W24519,FXT4519,4519,
active,departure,888142,A321,VN-A645,VJ,VJC,VietJet Air,,,,8,,2025-11-06T21:13:00.000,,DAD,VVDN,2025-11-06T21:05:00.000,1,,,,,,,2025-11-06T20:09:00.000,2025-11-06T20:09:00.000,,25,2025-11-06T20:09:00.000,2025-11-06T19:45:00.000,,HAN,VVNB,2025-11-06T19:45:00.000,1,VJ519,VJC519,519,
active,departure,89648A,B789,A6-BLJ,EY,ETD,Etihad Airways,,,,,,2025-11-06T23:46:00.000,B13,AUH,OMAA,2025-11-07T00:35:00.000,A,,,,,,,2025-11-06T20:21:00.000,2025-11-06T20:21:00.000,,22,2025-11-06T20:21:00.000,2025-11-06T20:27:00.000,,HAN,VVNB,2025-11-06T20:00:00.000,2,EY431,ETD431,431,
active,departure,,359,,CI,CAL,China Airlines,,,,,,,,SGN,VVTS,2025-11-06T22:10:00.000,3,vn,hvn,vietnam airlines,vn263,hvn263,263,,,,,,2025-11-06T20:00:00.000,,HAN,VVNB,2025-11-06T20:00:00.000,1,CI8843,CAL8843,8843,
active,departure,,359,,K6,KHV,Cambodia Angkor Air,,,,,,,,SGN,VVTS,2025-11-06T22:10:00.000,3,vn,hvn,vietnam airlines,vn263,hvn263,263,,,,,,2025-11-06T20:00:00.000,,HAN,VVNB,2025-11-06T20:00:00.000,1,K63263,KHV3263,3263,
active,departure,,359,,VN,HVN,Vietnam Airlines,,,,,,,,SGN,VVTS,2025-11-06T22:10:00.000,3,,,,,,,,,,,,2025-11-06T20:00:00.000,,HAN,VVNB,2025-11-06T20:00:00.000,1,VN263,HVN263,263,
active,departure,88815B,A21N,VN-A674,H1,H1,,,,,11,,2025-11-06T22:25:00.000,,SGN,VVTS,2025-11-06T22:15:00.000,1,vj,vjc,vietjet air,vj155,vjc155,155,2025-11-06T20:40:00.000,2025-11-06T20:40:00.000,,35,2025-11-06T20:40:00.000,2025-11-06T20:05:00.000,,HAN,VVNB,2025-11-06T20:05:00.000,1,H17205,H17205,7205,
active,departure,88815B,A21N,VN-A674,A1,A1,,,,,11,,2025-11-06T22:25:00.000,,SGN,VVTS,2025-11-06T22:15:00.000,1,vj,vjc,vietjet air,vj155,vjc155,155,2025-11-06T20:40:00.000,2025-11-06T20:40:00.000,,35,2025-11-06T20:40:00.000,2025-11-06T20:05:00.000,,HAN,VVNB,2025-11-06T20:05:00.000,1,A12155,A12155,2155,
active,departure,88815B,A21N,VN-A674,W2,FXT,FlexFlight,,,,11,,2025-11-06T22:25:00.000,,SGN,VVTS,2025-11-06T22:15:00.000,1,vj,vjc,vietjet air,vj155,vjc155,155,2025-11-06T20:40:00.000,2025-11-06T20:40:00.000,,35,2025-11-06T20:40:00.000,2025-11-06T20:05:00.000,,HAN,VVNB,2025-11-06T20:05:00.000,1,W24155,FXT4155,4155,
active,departure,88815B,A21N,VN-A674,VJ,VJC,VietJet Air,,,,11,,2025-11-06T22:25:00.000,,SGN,VVTS,2025-11-06T22:15:00.000,1,,,,,,,2025-11-06T20:40:00.000,2025-11-06T20:40:00.000,,35,2025-11-06T20:40:00.000,2025-11-06T20:05:00.000,,HAN,VVNB,2025-11-06T20:05:00.000,1,VJ155,VJC155,155,
active,departure,,,,H1,H1,,,,,,,2025-11-07T00:19:00.000,,PKX,ZBAD,2025-11-07T00:20:00.000,,vj,vjc,vietjet air,vj7712,vjc7712,7712,2025-11-06T20:17:00.000,2025-11-06T20:17:00.000,,13,2025-11-06T20:17:00.000,2025-11-06T20:08:00.000,,HAN,VVNB,2025-11-06T20:05:00.000,2,H14306,H14306,4306,
active,departure,,,,VJ,VJC,VietJet Air,,,,,,2025-11-07T00:19:00.000,,PKX,ZBAD,2025-11-07T00:20:00.000,,,,,,,,2025-11-06T20:17:00.000,2025-11-06T20:17:00.000,,13,2025-11-06T20:17:00.000,2025-11-06T20:08:00.000,,HAN,VVNB,2025-11-06T20:05:00.000,2,VJ7712,VJC7712,7712,
active,departure,8881B6,A20N,VN-A514,VN,HVN,Vietnam Airlines,,,,,,,,HUI,VVPB,2025-11-06T21:15:00.000,,,,,,,,,,,,,2025-11-06T20:05:00.000,,HAN,VVNB,2025-11-06T20:05:00.000,1,VN1549,HVN1549,1549,
active,departure,8881BA,A321,VN-A289,VU,VAG,Vietravel Airlines,,,,,,,,SGN,VVTS,2025-11-06T22:25:00.000,3,,,,,,,,,,,,2025-11-06T20:10:00.000,,HAN,VVNB,2025-11-06T20:10:00.000,1,VU787,VAG787,787,
active,departure,781FFC,A20N,B-32FU,CZ,CSN,China Southern Airlines,,,N,,,2025-11-06T23:06:00.000,,CSX,ZGHA,2025-11-06T23:30:00.000,2,,,,,,,2025-11-06T20:33:00.000,2025-11-06T20:33:00.000,,13,2025-11-06T20:33:00.000,2025-11-06T20:36:00.000,35,HAN,VVNB,2025-11-06T20:20:00.000,2,CZ8360,CSN8360,8360,
active,departure,88808A,A321,VN-A323,VN,HVN,Vietnam Airlines,,,,,,2025-11-06T22:13:00.000,,SGN,VVTS,2025-11-06T22:30:00.000,3,,,,,,,2025-11-06T20:29:00.000,2025-11-06T20:29:00.000,,10,2025-11-06T20:29:00.000,2025-11-06T20:20:00.000,,HAN,VVNB,2025-11-06T20:20:00.000,1,VN7229,HVN7229,7229,
active,departure,88530D,A320,HS-TXM,AC,ACA,Air Canada,,,,2,,2025-11-06T22:17:00.000,,BKK,VTBS,2025-11-06T22:15:00.000,,tg,tha,thai airways international,tg565,tha565,565,2025-11-06T20:42:00.000,2025-11-06T20:42:00.000,,18,2025-11-06T20:42:00.000,2025-11-06T20:25:00.000,,HAN,VVNB,2025-11-06T20:25:00.000,2,AC7464,ACA7464,7464,
active,departure,88530D,A320,HS-TXM,LH,DLH,Lufthansa,,,,2,,2025-11-06T22:17:00.000,,BKK,VTBS,2025-11-06T22:15:00.000,,tg,tha,thai airways international,tg565,tha565,565,2025-11-06T20:42:00.000,2025-11-06T20:42:00.000,,18,2025-11-06T20:42:00.000,2025-11-06T20:25:00.000,,HAN,VVNB,2025-11-06T20:25:00.000,2,LH9719,DLH9719,9719,
active,departure,88530D,A320,HS-TXM,LY,ELY,El Al,,,,2,,2025-11-06T22:17:00.000,,BKK,VTBS,2025-11-06T22:15:00.000,,tg,tha,thai airways international,tg565,tha565,565,2025-11-06T20:42:00.000,2025-11-06T20:42:00.000,,18,2025-11-06T20:42:00.000,2025-11-06T20:25:00.000,,HAN,VVNB,2025-11-06T20:25:00.000,2,LY8384,ELY8384,8384,
active,departure,88530D,A320,HS-TXM,TK,THY,Turkish Airlines,,,,2,,2025-11-06T22:17:00.000,,BKK,VTBS,2025-11-06T22:15:00.000,,tg,tha,thai airways international,tg565,tha565,565,2025-11-06T20:42:00.000,2025-11-06T20:42:00.000,,18,2025-11-06T20:42:00.000,2025-11-06T20:25:00.000,,HAN,VVNB,2025-11-06T20:25:00.000,2,TK8021,THY8021,8021,
active,departure,88530D,A320,HS-TXM,TG,THA,Thai Airways International,,,,2,,2025-11-06T22:17:00.000,,BKK,VTBS,2025-11-06T22:15:00.000,,,,,,,,2025-11-06T20:42:00.000,2025-11-06T20:42:00.000,,18,2025-11-06T20:42:00.000,2025-11-06T20:25:00.000,,HAN,VVNB,2025-11-06T20:25:00.000,2,TG565,THA565,565,
active,departure,8881E0,A321,VN-A227,QH,BAV,Bamboo Airways,,,,,,2025-11-06T22:32:00.000,,SGN,VVTS,2025-11-06T22:45:00.000,3,,,,,,,2025-11-06T20:46:00.000,2025-11-06T20:46:00.000,,17,2025-11-06T20:46:00.000,2025-11-06T20:30:00.000,,HAN,VVNB,2025-11-06T20:30:00.000,1,QH273,BAV273,273,
active,departure,8880AE,A321,VN-A603,K6,KHV,Cambodia Angkor Air,,,,7,,2025-11-06T22:47:00.000,,SGN,VVTS,2025-11-06T22:40:00.000,3,vn,hvn,vietnam airlines,vn265,hvn265,265,2025-11-06T21:05:00.000,2025-11-06T21:05:00.000,,36,2025-11-06T21:05:00.000,2025-11-06T20:30:00.000,,HAN,VVNB,2025-11-06T20:30:00.000,1,K63265,KHV3265,3265,
active,departure,8880AE,A321,VN-A603,VN,HVN,Vietnam Airlines,,,,7,,2025-11-06T22:47:00.000,,SGN,VVTS,2025-11-06T22:40:00.000,3,,,,,,,2025-11-06T21:05:00.000,2025-11-06T21:05:00.000,,36,2025-11-06T21:05:00.000,2025-11-06T20:30:00.000,,HAN,VVNB,2025-11-06T20:30:00.000,1,VN265,HVN265,265,
unknown,departure,,33X,,RH,HKC,Hong Kong Air Cargo,,,,,,,,HKG,VHHH,2025-11-06T23:30:00.000,,,,,,,,,,,,,,,HAN,VVNB,2025-11-06T20:30:00.000,,RH318,HKC318,318,
active,departure,88803E,A321,VN-A683,A1,A1,,,,,27,,2025-11-06T22:21:00.000,,DAD,VVDN,2025-11-06T21:55:00.000,1,vj,vjc,vietjet air,vj501,vjc501,501,2025-11-06T21:15:00.000,2025-11-06T21:15:00.000,,41,2025-11-06T21:15:00.000,2025-11-06T20:35:00.000,,HAN,VVNB,2025-11-06T20:35:00.000,1,A12501,A12501,2501,
active,departure,88803E,A321,VN-A683,W2,FXT,FlexFlight,,,,27,,2025-11-06T22:21:00.000,,DAD,VVDN,2025-11-06T21:55:00.000,1,vj,vjc,vietjet air,vj501,vjc501,501,2025-11-06T21:15:00.000,2025-11-06T21:15:00.000,,41,2025-11-06T21:15:00.000,2025-11-06T20:35:00.000,,HAN,VVNB,2025-11-06T20:35:00.000,1,W24501,FXT4501,4501,
active,departure,88803E,A321,VN-A683,H1,H1,,,,,27,,2025-11-06T22:21:00.000,,DAD,VVDN,2025-11-06T21:55:00.000,1,vj,vjc,vietjet air,vj501,vjc501,501,2025-11-06T21:15:00.000,2025-11-06T21:15:00.000,,41,2025-11-06T21:15:00.000,2025-11-06T20:35:00.000,,HAN,VVNB,2025-11-06T20:35:00.000,1,H14029,H14029,4029,
active,departure,88803E,A321,VN-A683,VJ,VJC,VietJet Air,,,,27,,2025-11-06T22:21:00.000,,DAD,VVDN,2025-11-06T21:55:00.000,1,,,,,,,2025-11-06T21:15:00.000,2025-11-06T21:15:00.000,,41,2025-11-06T21:15:00.000,2025-11-06T20:35:00.000,,HAN,VVNB,2025-11-06T20:35:00.000,1,VJ501,VJC501,501,
active,departure,780726,A320,B-6765,PN,CHB,West Air (China),,,18,,,2025-11-06T23:21:00.000,,CKG,ZUCK,2025-11-06T23:40:00.000,3,,,,,,,2025-11-06T20:48:00.000,2025-11-06T20:48:00.000,,9,2025-11-06T20:48:00.000,2025-11-06T20:45:00.000,E,HAN,VVNB,2025-11-06T20:40:00.000,2,PN6424,CHB6424,6424,
unknown,departure,,74Y,,CI,CAL,China Airlines,,,,,,,,TPE,RCTP,2025-11-07T00:15:00.000,,,,,,,,,,,,,,,HAN,VVNB,2025-11-06T20:45:00.000,,CI5870,CAL5870,5870,
active,departure,,32Q,,FD,AIQ,Thai AirAsia,,,,,,,,DMK,VTBD,2025-11-06T22:40:00.000,1,,,,,,,,,,6,,2025-11-06T20:56:00.000,,HAN,VVNB,2025-11-06T20:50:00.000,2,FD645,AIQ645,645,
active,departure,,350,,K6,KHV,Cambodia Angkor Air,,,,,,,,SGN,VVTS,2025-11-06T23:10:00.000,3,vn,hvn,vietnam airlines,vn221,hvn221,221,,,,,,2025-11-06T21:00:00.000,,HAN,VVNB,2025-11-06T21:00:00.000,1,K63221,KHV3221,3221,
active,departure,,350,,VN,HVN,Vietnam Airlines,,,,,,,,SGN,VVTS,2025-11-06T23:10:00.000,3,,,,,,,,,,,,2025-11-06T21:00:00.000,,HAN,VVNB,2025-11-06T21:00:00.000,1,VN221,HVN221,221,
unknown,departure,,73F,,GI,LHA,Longhao Airlines,,,,,,,,CGO,ZHCC,2025-11-07T01:05:00.000,,,,,,,,,,,,,,,HAN,VVNB,2025-11-06T21:00:00.000,,GI4202,LHA4202,4202,
active,departure,,321,,VU,VAG,Vietravel Airlines,,,,,,,,SGN,VVTS,2025-11-06T23:20:00.000,3,,,,,,,,,,,,2025-11-06T21:00:00.000,,HAN,VVNB,2025-11-06T21:00:00.000,1,VU791,VAG791,791,
active,departure,,321,,VN,HVN,Vietnam Airlines,,,,,,,,DAD,VVDN,2025-11-06T22:20:00.000,1,,,,,,,,,,,,2025-11-06T21:05:00.000,,HAN,VVNB,2025-11-06T21:05:00.000,1,VN7193,HVN7193,7193,
unknown,departure,,321,,,,empty,,,,,,,,SGN,VVTS,2025-11-06T23:25:00.000,3,,,,,,,,,,,,,,HAN,VVNB,2025-11-06T21:15:00.000,1,,,885,
active,departure,704012,E190,XY-ALP,8M,MMA,Myanmar Airways International,,,,1,,2025-11-06T22:51:00.000,,RGN,VYYY,2025-11-06T22:50:00.000,1,,,,,,,2025-11-06T21:42:00.000,2025-11-06T21:42:00.000,,23,2025-11-06T21:42:00.000,,,HAN,VVNB,2025-11-06T21:20:00.000,2,8M451,MMA451,451,
active,departure,8880B0,A320,VN-A699,H1,H1,,,,,,,2025-11-07T01:12:00.000,,PVG,ZSPD,2025-11-07T01:15:00.000,2,vj,vjc,vietjet air,vj7238,vjc7238,7238,2025-11-06T21:34:00.000,2025-11-06T21:34:00.000,,10,2025-11-06T21:34:00.000,2025-11-06T21:30:00.000,,HAN,VVNB,2025-11-06T21:25:00.000,2,H15102,H15102,5102,
active,departure,8880B0,A320,VN-A699,VJ,VJC,VietJet Air,,,,,,2025-11-07T01:12:00.000,,PVG,ZSPD,2025-11-07T01:15:00.000,2,,,,,,,2025-11-06T21:34:00.000,2025-11-06T21:34:00.000,,10,2025-11-06T21:34:00.000,2025-11-06T21:30:00.000,,HAN,VVNB,2025-11-06T21:25:00.000,2,VJ7238,VJC7238,7238,
unknown,departure,,74Y,,CX,CPA,Cathay Pacific,,,,,,,,HKG,VHHH,2025-11-07T00:30:00.000,,,,,,,,,,,,,,,HAN,VVNB,2025-11-06T21:45:00.000,,CX48,CPA48,48,
active,departure,88815C,A21N,VN-A693,A1,A1,,,,,13,,2025-11-07T00:08:00.000,,SGN,VVTS,2025-11-06T23:55:00.000,1,vj,vjc,vietjet air,vj161,vjc161,161,2025-11-06T22:26:00.000,2025-11-06T22:26:00.000,,36,2025-11-06T22:26:00.000,2025-11-06T21:50:00.000,,HAN,VVNB,2025-11-06T21:50:00.000,1,A12161,A12161,2161,
active,departure,88815C,A21N,VN-A693,W2,FXT,FlexFlight,,,,13,,2025-11-07T00:08:00.000,,SGN,VVTS,2025-11-06T23:55:00.000,1,vj,vjc,vietjet air,vj161,vjc161,161,2025-11-06T22:26:00.000,2025-11-06T22:26:00.000,,36,2025-11-06T22:26:00.000,2025-11-06T21:50:00.000,,HAN,VVNB,2025-11-06T21:50:00.000,1,W24161,FXT4161,4161,
active,departure,88815C,A21N,VN-A693,H1,H1,,,,,13,,2025-11-07T00:08:00.000,,SGN,VVTS,2025-11-06T23:55:00.000,1,vj,vjc,vietjet air,vj161,vjc161,161,2025-11-06T22:26:00.000,2025-11-06T22:26:00.000,,36,2025-11-06T22:26:00.000,2025-11-06T21:50:00.000,,HAN,VVNB,2025-11-06T21:50:00.000,1,H12153,H12153,2153,
active,departure,88815C,A21N,VN-A693,VJ,VJC,VietJet Air,,,,13,,2025-11-07T00:08:00.000,,SGN,VVTS,2025-11-06T23:55:00.000,1,,,,,,,2025-11-06T22:26:00.000,2025-11-06T22:26:00.000,,36,2025-11-06T22:26:00.000,2025-11-06T21:50:00.000,,HAN,VVNB,2025-11-06T21:50:00.000,1,VJ161,VJC161,161,
active,departure,88808E,A321,VN-A327,K6,KHV,Cambodia Angkor Air,,,,,,2025-11-06T23:59:00.000,,SGN,VVTS,2025-11-07T00:10:00.000,3,vn,hvn,vietnam airlines,vn267,hvn267,267,2025-11-06T22:16:00.000,2025-11-06T22:16:00.000,,16,2025-11-06T22:16:00.000,2025-11-06T22:00:00.000,,HAN,VVNB,2025-11-06T22:00:00.000,1,K63267,KHV3267,3267,
active,departure,88808E,A321,VN-A327,VN,HVN,Vietnam Airlines,,,,,,2025-11-06T23:59:00.000,,SGN,VVTS,2025-11-07T00:10:00.000,3,,,,,,,2025-11-06T22:16:00.000,2025-11-06T22:16:00.000,,16,2025-11-06T22:16:00.000,2025-11-06T22:00:00.000,,HAN,VVNB,2025-11-06T22:00:00.000,1,VN267,HVN267,267,
active,departure,,321,,A1,A1,,,,,,,,,SGN,VVTS,2025-11-07T00:20:00.000,1,vj,vjc,vietjet air,vj123,vjc123,123,,,,,,2025-11-06T22:10:00.000,,HAN,VVNB,2025-11-06T22:10:00.000,1,A12123,A12123,2123,
active,departure,,321,,W2,FXT,FlexFlight,,,,,,,,SGN,VVTS,2025-11-07T00:20:00.000,1,vj,vjc,vietjet air,vj123,vjc123,123,,,,,,2025-11-06T22:10:00.000,,HAN,VVNB,2025-11-06T22:10:00.000,1,W24123,FXT4123,4123,
active,departure,,321,,H1,H1,,,,,,,,,SGN,VVTS,2025-11-07T00:20:00.000,1,vj,vjc,vietjet air,vj123,vjc123,123,,,,,,2025-11-06T22:10:00.000,,HAN,VVNB,2025-11-06T22:10:00.000,1,H14112,H14112,4112,
active,departure,,321,,VJ,VJC,VietJet Air,,,,,,,,SGN,VVTS,2025-11-07T00:20:00.000,1,,,,,,,,,,,,2025-11-06T22:10:00.000,,HAN,VVNB,2025-11-06T22:10:00.000,1,VJ123,VJC123,123,
active,departure,,32Q,,,,empty,,,,,,,,SGN,VVTS,2025-11-07T00:25:00.000,3,,,,,,,,,,,,,,HAN,VVNB,2025-11-06T22:15:00.000,1,,,895,
active,departure,,73K,,8K,EVS,EVAS Air Charters,,,,,,,,HKG,VHHH,2025-11-07T01:30:00.000,,,,,,,,,,,,,,,HAN,VVNB,2025-11-06T22:30:00.000,,8K525,EVS525,525,
active,departure,,737,,QH,BAV,Bamboo Airways,,,,,,,,SGN,VVTS,2025-11-07T00:50:00.000,3,,,,,,,,,,,,2025-11-06T22:35:00.000,,HAN,VVNB,2025-11-06T22:35:00.000,1,QH283,BAV283,283,
active,departure,,320,,H1,H1,,,,,,,,,TFU,ZUTF,2025-11-07T02:00:00.000,1,vj,vjc,vietjet air,vj7306,vjc7306,7306,,,,,,2025-11-06T22:50:00.000,,HAN,VVNB,2025-11-06T22:50:00.000,2,H14234,H14234,4234,
active,departure,,320,,VJ,VJC,VietJet Air,,,,,,,,TFU,ZUTF,2025-11-07T02:00:00.000,1,,,,,,,,,,,,2025-11-06T22:50:00.000,,HAN,VVNB,2025-11-06T22:50:00.000,2,VJ7306,VJC7306,7306,
active,departure,,321,,A1,A1,,,,,,,,,SGN,VVTS,2025-11-07T01:00:00.000,1,vj,vjc,vietjet air,vj187,vjc187,187,,,,,,2025-11-06T22:50:00.000,,HAN,VVNB,2025-11-06T22:50:00.000,1,A12187,A12187,2187,
active,departure,,321,,W2,FXT,FlexFlight,,,,,,,,SGN,VVTS,2025-11-07T01:00:00.000,1,vj,vjc,vietjet air,vj187,vjc187,187,,,,,,2025-11-06T22:50:00.000,,HAN,VVNB,2025-11-06T22:50:00.000,1,W24187,FXT4187,4187,
active,departure,,321,,H1,H1,,,,,,,,,SGN,VVTS,2025-11-07T01:00:00.000,1,vj,vjc,vietjet air,vj187,vjc187,187,,,,,,2025-11-06T22:50:00.000,,HAN,VVNB,2025-11-06T22:50:00.000,1,H13237,H13237,3237,
active,departure,,321,,VJ,VJC,VietJet Air,,,,,,,,SGN,VVTS,2025-11-07T01:00:00.000,1,,,,,,,,,,,,2025-11-06T22:50:00.000,,HAN,VVNB,2025-11-06T22:50:00.000,1,VJ187,VJC187,187,
active,departure,4BB0EA,A359,TC-LGJ,VN,HVN,Vietnam Airlines,,,,,,,,IST,LTFM,2025-11-07T05:45:00.000,,tk,thy,turkish airlines,tk165,thy165,165,,,,10,,2025-11-06T23:05:00.000,,HAN,VVNB,2025-11-06T22:55:00.000,2,VN3085,HVN3085,3085,
active,departure,4BB0EA,A359,TC-LGJ,TK,THY,Turkish Airlines,,,,,,,,IST,LTFM,2025-11-07T05:45:00.000,,,,,,,,,,,10,,2025-11-06T23:05:00.000,,HAN,VVNB,2025-11-06T22:55:00.000,2,TK165,THY165,165,
active,departure,781600,A320,B-MCI,NX,AMU,Air Macau,,,,,,,,MFM,VMMC,2025-11-07T01:55:00.000,,,,,,,,,,,,,2025-11-06T23:00:00.000,34,HAN,VVNB,2025-11-06T23:00:00.000,2,NX981,AMU981,981,
active,departure,,321,,,,empty,,,,,,,,SGN,VVTS,2025-11-07T01:10:00.000,3,,,,,,,,,,,,,,HAN,VVNB,2025-11-06T23:00:00.000,,,,6025,
active,departure,,321,,VN,HVN,Vietnam Airlines,,,,,,,,SGN,VVTS,2025-11-07T01:10:00.000,3,,,,,,,,,,,,2025-11-06T23:00:00.000,,HAN,VVNB,2025-11-06T23:00:00.000,1,VN6025,HVN6025,6025,
active,departure,,320,,QH,BAV,Bamboo Airways,,,,,,,,SGN,VVTS,2025-11-07T01:20:00.000,3,,,,,,,,,,,,2025-11-06T23:05:00.000,,HAN,VVNB,2025-11-06T23:05:00.000,1,QH299,BAV299,299,
active,departure,71BA08,B789,HL7208,DL,DAL,Delta Air Lines,,,9,,,,242,ICN,RKSI,2025-11-07T04:55:00.000,2,ke,kal,korean air,ke448,kal448,448,,,,,,2025-11-06T23:05:00.000,,HAN,VVNB,2025-11-06T23:05:00.000,2,DL7808,DAL7808,7808,
active,departure,71BA08,B789,HL7208,VS,VIR,Virgin Atlantic,,,9,,,,242,ICN,RKSI,2025-11-07T04:55:00.000,2,ke,kal,korean air,ke448,kal448,448,,,,,,2025-11-06T23:05:00.000,,HAN,VVNB,2025-11-06T23:05:00.000,2,VS5518,VIR5518,5518,
active,departure,71BA08,B789,HL7208,WS,WJA,WestJet,,,9,,,,242,ICN,RKSI,2025-11-07T04:55:00.000,2,ke,kal,korean air,ke448,kal448,448,,,,,,2025-11-06T23:05:00.000,,HAN,VVNB,2025-11-06T23:05:00.000,2,WS6038,WJA6038,6038,
active,departure,71BA08,B789,HL7208,VN,HVN,Vietnam Airlines,,,9,,,,242,ICN,RKSI,2025-11-07T04:55:00.000,2,ke,kal,korean air,ke448,kal448,448,,,,,,2025-11-06T23:05:00.000,,HAN,VVNB,2025-11-06T23:05:00.000,2,VN3410,HVN3410,3410,
active,departure,71BA08,B789,HL7208,KE,KAL,Korean Air,,,9,,,,242,ICN,RKSI,2025-11-07T04:55:00.000,2,,,,,,,,,,,,2025-11-06T23:05:00.000,,HAN,VVNB,2025-11-06T23:05:00.000,2,KE448,KAL448,448,
active,departure,,73F,,JG,JDL,JDL Airlines,,,,,,,,WUX,ZSWX,2025-11-07T04:00:00.000,,,,,,,,,,,,,,,HAN,VVNB,2025-11-06T23:05:00.000,,JG2909,JDL2909,2909,
active,departure,888152,A359,VN-A896,AF,AFR,Air France,,,,,,,,CDG,LFPG,2025-11-07T06:30:00.000,2E,vn,hvn,vietnam airlines,vn19,hvn19,19,,,,10,,2025-11-06T23:30:00.000,,HAN,VVNB,2025-11-06T23:20:00.000,2,AF5097,AFR5097,5097,
active,departure,888152,A359,VN-A896,AZ,AZA,Alitalia,,,,,,,,CDG,LFPG,2025-11-07T06:30:00.000,2E,vn,hvn,vietnam airlines,vn19,hvn19,19,,,,10,,2025-11-06T23:30:00.000,,HAN,VVNB,2025-11-06T23:20:00.000,2,AZ3007,AZA3007,3007,
active,departure,888152,A359,VN-A896,K6,KHV,Cambodia Angkor Air,,,,,,,,CDG,LFPG,2025-11-07T06:30:00.000,2E,vn,hvn,vietnam airlines,vn19,hvn19,19,,,,10,,2025-11-06T23:30:00.000,,HAN,VVNB,2025-11-06T23:20:00.000,2,K63019,KHV3019,3019,
active,departure,888152,A359,VN-A896,SK,SAS,SAS,,,,,,,,CDG,LFPG,2025-11-07T06:30:00.000,2E,vn,hvn,vietnam airlines,vn19,hvn19,19,,,,10,,2025-11-06T23:30:00.000,,HAN,VVNB,2025-11-06T23:20:00.000,2,SK8202,SAS8202,8202,
active,departure,888152,A359,VN-A896,VN,HVN,Vietnam Airlines,,,,,,,,CDG,LFPG,2025-11-07T06:30:00.000,2E,,,,,,,,,,10,,2025-11-06T23:30:00.000,,HAN,VVNB,2025-11-06T23:20:00.000,2,VN19,HVN19,19,
active,departure,,320,,QH,BAV,Bamboo Airways,,,,,,,,SYX,ZJSY,2025-11-07T02:05:00.000,1,,,,,,,,,,,,2025-11-06T23:25:00.000,,HAN,VVNB,2025-11-06T23:25:00.000,2,QH834,BAV834,834,
scheduled,departure,,321,,A1,A1,,,,,,,,,SGN,VVTS,2025-11-07T01:50:00.000,1,vj,vjc,vietjet air,vj159,vjc159,159,,,,,,2025-11-06T23:40:00.000,,HAN,VVNB,2025-11-06T23:40:00.000,1,A12159,A12159,2159,
scheduled,departure,,321,,W2,FXT,FlexFlight,,,,,,,,SGN,VVTS,2025-11-07T01:50:00.000,1,vj,vjc,vietjet air,vj159,vjc159,159,,,,,,2025-11-06T23:40:00.000,,HAN,VVNB,2025-11-06T23:40:00.000,1,W24159,FXT4159,4159,
scheduled,departure,,321,,H1,H1,,,,,,,,,SGN,VVTS,2025-11-07T01:50:00.000,1,vj,vjc,vietjet air,vj159,vjc159,159,,,,,,2025-11-06T23:40:00.000,,HAN,VVNB,2025-11-06T23:40:00.000,1,H13233,H13233,3233,
scheduled,departure,,321,,VJ,VJC,VietJet Air,,,,,,,,SGN,VVTS,2025-11-07T01:50:00.000,1,,,,,,,,,,,,2025-11-06T23:40:00.000,,HAN,VVNB,2025-11-06T23:40:00.000,1,VJ159,VJC159,159,
scheduled,departure,,787,,KE,KAL,Korean Air,,,8,,,,110,ICN,RKSI,2025-11-07T05:30:00.000,1,vn,hvn,vietnam airlines,vn416,hvn416,416,,,,,,2025-11-06T23:40:00.000,,HAN,VVNB,2025-11-06T23:40:00.000,2,KE5684,KAL5684,5684,
scheduled,departure,,787,,VN,HVN,Vietnam Airlines,,,8,,,,110,ICN,RKSI,2025-11-07T05:30:00.000,1,,,,,,,,,,,,2025-11-06T23:40:00.000,,HAN,VVNB,2025-11-06T23:40:00.000,2,VN416,HVN416,416,
scheduled,departure,,321,,H1,H1,,,,,,,,,CAN,ZGGG,2025-11-07T02:15:00.000,1,vj,vjc,vietjet air,vj7526,vjc7526,7526,,,,,,2025-11-06T23:40:00.000,,HAN,VVNB,2025-11-06T23:40:00.000,2,H15158,H15158,5158,
scheduled,departure,,321,,VJ,VJC,VietJet Air,,,,,,,,CAN,ZGGG,2025-11-07T02:15:00.000,1,,,,,,,,,,,,2025-11-06T23:40:00.000,,HAN,VVNB,2025-11-06T23:40:00.000,2,VJ7526,VJC7526,7526,
scheduled,departure,8880E2,B789,VN-A864,VN,HVN,Vietnam Airlines,,,,,,,,FRA,EDDF,2025-11-07T06:00:00.000,2,,,,,,,,,,10,,2025-11-06T23:55:00.000,,HAN,VVNB,2025-11-06T23:45:00.000,2,VN37,HVN37,37,
scheduled,departure,,359,,UA,UAL,United Airlines,,,4,,,,24,ICN,RKSI,2025-11-07T05:45:00.000,1,oz,aar,asiana airlines,oz734,aar734,734,,,,,,2025-11-06T23:50:00.000,,HAN,VVNB,2025-11-06T23:50:00.000,2,UA7313,UAL7313,7313,
scheduled,departure,,359,,AC,ACA,Air Canada,,,4,,,,24,ICN,RKSI,2025-11-07T05:45:00.000,1,oz,aar,asiana airlines,oz734,aar734,734,,,,,,2025-11-06T23:50:00.000,,HAN,VVNB,2025-11-06T23:50:00.000,2,AC6985,ACA6985,6985,
scheduled,departure,,359,,OZ,AAR,Asiana Airlines,,,4,,,,24,ICN,RKSI,2025-11-07T05:45:00.000,1,,,,,,,,,,,,2025-11-06T23:50:00.000,,HAN,VVNB,2025-11-06T23:50:00.000,2,OZ734,AAR734,734,
scheduled,departure,,763,,AA,AAL,American Airlines,,,,,,,62,NRT,RJAA,2025-11-07T06:40:00.000,2,jl,jal,japan airlines,jl752,jal752,752,,,,,,2025-11-06T23:55:00.000,33,HAN,VVNB,2025-11-06T23:55:00.000,2,AA8421,AAL8421,8421,
scheduled,departure,,763,,HA,HAL,Hawaiian Airlines,,,,,,,62,NRT,RJAA,2025-11-07T06:40:00.000,2,jl,jal,japan airlines,jl752,jal752,752,,,,,,2025-11-06T23:55:00.000,33,HAN,VVNB,2025-11-06T23:55:00.000,2,HA5385,HAL5385,5385,
scheduled,departure,,763,,OM,MGL,Miat - Mongolian Airlines,,,,,,,62,NRT,RJAA,2025-11-07T06:40:00.000,2,jl,jal,japan airlines,jl752,jal752,752,,,,,,2025-11-06T23:55:00.000,33,HAN,VVNB,2025-11-06T23:55:00.000,2,OM5510,MGL5510,5510,
scheduled,departure,,763,,WS,WJA,WestJet,,,,,,,62,NRT,RJAA,2025-11-07T06:40:00.000,2,jl,jal,japan airlines,jl752,jal752,752,,,,,,2025-11-06T23:55:00.000,33,HAN,VVNB,2025-11-06T23:55:00.000,2,WS5937,WJA5937,5937,
scheduled,departure,,763,,AS,JAG,AlphaSky,,,,,,,62,NRT,RJAA,2025-11-07T06:40:00.000,2,jl,jal,japan airlines,jl752,jal752,752,,,,,,2025-11-06T23:55:00.000,33,HAN,VVNB,2025-11-06T23:55:00.000,2,AS7324,JAG7324,7324,
scheduled,departure,,763,,JL,JAL,Japan Airlines,,,,,,,62,NRT,RJAA,2025-11-07T06:40:00.000,2,,,,,,,,,,,,2025-11-06T23:55:00.000,33,HAN,VVNB,2025-11-06T23:55:00.000,2,JL752,JAL752,752,
scheduled,departure,,321,,NH,ANA,ANA,,,,,,,,NGO,RJGG,2025-11-07T06:30:00.000,1,vn,hvn,vietnam airlines,vn348,hvn348,348,,,,,,2025-11-07T00:05:00.000,,HAN,VVNB,2025-11-07T00:05:00.000,2,NH9720,ANA9720,9720,
scheduled,departure,,321,,VN,HVN,Vietnam Airlines,,,,,,,,NGO,RJGG,2025-11-07T06:30:00.000,1,,,,,,,,,,,,2025-11-07T00:05:00.000,,HAN,VVNB,2025-11-07T00:05:00.000,2,VN348,HVN348,348,
scheduled,departure,,350,,NH,ANA,ANA,,,,,,,,NRT,RJAA,2025-11-07T07:00:00.000,1,vn,hvn,vietnam airlines,vn310,hvn310,310,,,,,,2025-11-07T00:20:00.000,,HAN,VVNB,2025-11-07T00:20:00.000,2,NH9716,ANA9716,9716,
scheduled,departure,,350,,VN,HVN,Vietnam Airlines,,,,,,,,NRT,RJAA,2025-11-07T07:00:00.000,1,,,,,,,,,,,,2025-11-07T00:20:00.000,,HAN,VVNB,2025-11-07T00:20:00.000,2,VN310,HVN310,310,
scheduled,departure,,321,,VN,HVN,Vietnam Airlines,,,,,,,,MNL,RPLL,2025-11-07T04:20:00.000,1,,,,,,,,,,,,2025-11-07T00:20:00.000,,HAN,VVNB,2025-11-07T00:20:00.000,2,VN647,HVN647,647,
scheduled,departure,8963D4,B77W,A6-EPE,AC,ACA,Air Canada,,,,,,,,DXB,OMDB,2025-11-07T05:00:00.000,3,ek,uae,emirates,ek395,uae395,395,,,,,,2025-11-07T00:25:00.000,,HAN,VVNB,2025-11-07T00:25:00.000,2,AC7605,ACA7605,7605,
scheduled,departure,8963D4,B77W,A6-EPE,DE,CFG,Condor,,,,,,,,DXB,OMDB,2025-11-07T05:00:00.000,3,ek,uae,emirates,ek395,uae395,395,,,,,,2025-11-07T00:25:00.000,,HAN,VVNB,2025-11-07T00:25:00.000,2,DE5925,CFG5925,5925,
scheduled,departure,8963D4,B77W,A6-EPE,GF,GFA,Gulf Air,,,,,,,,DXB,OMDB,2025-11-07T05:00:00.000,3,ek,uae,emirates,ek395,uae395,395,,,,,,2025-11-07T00:25:00.000,,HAN,VVNB,2025-11-07T00:25:00.000,2,GF5409,GFA5409,5409,
scheduled,departure,8963D4,B77W,A6-EPE,TP,TAP,TAP Air Portugal,,,,,,,,DXB,OMDB,2025-11-07T05:00:00.000,3,ek,uae,emirates,ek395,uae395,395,,,,,,2025-11-07T00:25:00.000,,HAN,VVNB,2025-11-07T00:25:00.000,2,TP6747,TAP6747,6747,
scheduled,departure,8963D4,B77W,A6-EPE,EK,UAE,Emirates,,,,,,,,DXB,OMDB,2025-11-07T05:00:00.000,3,,,,,,,,,,,,2025-11-07T00:25:00.000,,HAN,VVNB,2025-11-07T00:25:00.000,2,EK395,UAE395,395,
scheduled,departure,,789,,UA,UAL,United Airlines,,,,,,,54,NRT,RJAA,2025-11-07T07:15:00.000,1,nh,ana,ana,nh898,ana898,898,,,,,,2025-11-07T00:25:00.000,,HAN,VVNB,2025-11-07T00:25:00.000,2,UA7921,UAL7921,7921,
scheduled,departure,,789,,AC,ACA,Air Canada,,,,,,,54,NRT,RJAA,2025-11-07T07:15:00.000,1,nh,ana,ana,nh898,ana898,898,,,,,,2025-11-07T00:25:00.000,,HAN,VVNB,2025-11-07T00:25:00.000,2,AC6238,ACA6238,6238,
scheduled,departure,,789,,VN,HVN,Vietnam Airlines,,,,,,,54,NRT,RJAA,2025-11-07T07:15:00.000,1,nh,ana,ana,nh898,ana898,898,,,,,,2025-11-07T00:25:00.000,,HAN,VVNB,2025-11-07T00:25:00.000,2,VN3498,HVN3498,3498,
scheduled,departure,,789,,NH,ANA,ANA,,,,,,,54,NRT,RJAA,2025-11-07T07:15:00.000,1,,,,,,,,,,,,2025-11-07T00:25:00.000,,HAN,VVNB,2025-11-07T00:25:00.000,2,NH898,ANA898,898,
scheduled,departure,,77F,,CK,CKK,China Cargo,,,,,,,,PVG,ZSPD,2025-11-07T04:15:00.000,,,,,,,,,,,,,,,HAN,VVNB,2025-11-07T00:30:00.000,,CK278,CKK278,278,
scheduled,departure,,73F,,KJ,AIH,Air Incheon,,,,,,,,ICN,RKSI,2025-11-07T09:50:00.000,,,,,,,,,,,,,,,HAN,VVNB,2025-11-07T00:35:00.000,,KJ512,AIH512,512,
scheduled,departure,,787,,NH,ANA,ANA,,,,,,,,KIX,RJBB,2025-11-07T06:55:00.000,1,vn,hvn,vietnam airlines,vn334,hvn334,334,,,,,,2025-11-07T00:45:00.000,,HAN,VVNB,2025-11-07T00:45:00.000,2,NH9718,ANA9718,9718,
scheduled,departure,,787,,VN,HVN,Vietnam Airlines,,,,,,,,KIX,RJBB,2025-11-07T06:55:00.000,1,,,,,,,,,,,,2025-11-07T00:45:00.000,,HAN,VVNB,2025-11-07T00:45:00.000,2,VN334,HVN334,334,
scheduled,departure,88812A,B789,VN-A870,K6,KHV,Cambodia Angkor Air,,,,,,,,LHR,EGLL,2025-11-07T07:15:00.000,4,vn,hvn,vietnam airlines,vn55,hvn55,55,,,,30,,2025-11-07T01:15:00.000,,HAN,VVNB,2025-11-07T00:45:00.000,2,K63055,KHV3055,3055,
scheduled,departure,88812A,B789,VN-A870,VN,HVN,Vietnam Airlines,,,,,,,,LHR,EGLL,2025-11-07T07:15:00.000,4,,,,,,,,,,30,,2025-11-07T01:15:00.000,,HAN,VVNB,2025-11-07T00:45:00.000,2,VN55,HVN55,55,
scheduled,departure,,321,,A1,A1,,,,,,,,94,NRT,RJAA,2025-11-07T08:00:00.000,2,vj,vjc,vietjet air,vj932,vjc932,932,,,,,,2025-11-07T00:55:00.000,,HAN,VVNB,2025-11-07T00:55:00.000,2,A12932,A12932,2932,
scheduled,departure,,321,,W2,FXT,FlexFlight,,,,,,,94,NRT,RJAA,2025-11-07T08:00:00.000,2,vj,vjc,vietjet air,vj932,vjc932,932,,,,,,2025-11-07T00:55:00.000,,HAN,VVNB,2025-11-07T00:55:00.000,2,W24932,FXT4932,4932,
scheduled,departure,,321,,H1,H1,,,,,,,,94,NRT,RJAA,2025-11-07T08:00:00.000,2,vj,vjc,vietjet air,vj932,vjc932,932,,,,,,2025-11-07T00:55:00.000,,HAN,VVNB,2025-11-07T00:55:00.000,2,H14229,H14229,4229,
scheduled,departure,,321,,VJ,VJC,VietJet Air,,,,,,,94,NRT,RJAA,2025-11-07T08:00:00.000,2,,,,,,,,,,,,2025-11-07T00:55:00.000,,HAN,VVNB,2025-11-07T00:55:00.000,2,VJ932,VJC932,932,
scheduled,departure,,321,,A1,A1,,,,,,,,,PUS,RKPK,2025-11-07T06:55:00.000,I,vj,vjc,vietjet air,vj982,vjc982,982,,,,,,2025-11-07T01:00:00.000,,HAN,VVNB,2025-11-07T01:00:00.000,2,A12982,A12982,2982,
scheduled,departure,,321,,W2,FXT,FlexFlight,,,,,,,,PUS,RKPK,2025-11-07T06:55:00.000,I,vj,vjc,vietjet air,vj982,vjc982,982,,,,,,2025-11-07T01:00:00.000,,HAN,VVNB,2025-11-07T01:00:00.000,2,W24982,FXT4982,4982,
scheduled,departure,,321,,H1,H1,,,,,,,,,PUS,RKPK,2025-11-07T06:55:00.000,I,vj,vjc,vietjet air,vj982,vjc982,982,,,,,,2025-11-07T01:00:00.000,,HAN,VVNB,2025-11-07T01:00:00.000,2,H14189,H14189,4189,
scheduled,departure,,321,,VJ,VJC,VietJet Air,,,,,,,,PUS,RKPK,2025-11-07T06:55:00.000,I,,,,,,,,,,,,2025-11-07T01:00:00.000,,HAN,VVNB,2025-11-07T01:00:00.000,2,VJ982,VJC982,982,
scheduled,departure,,787,,VN,HVN,Vietnam Airlines,,,,,,,,LHR,EGLL,2025-11-07T07:15:00.000,4,,,,,,,,,,,,,,HAN,VVNB,2025-11-07T01:05:00.000,2,VN55,HVN55,55,
scheduled,departure,888123,A359,VN-A890,AZ,AZA,Alitalia,,,,,,,,MXP,LIMC,2025-11-07T07:35:00.000,1,vn,hvn,vietnam airlines,vn73,hvn73,73,,,,10,,2025-11-07T01:30:00.000,,HAN,VVNB,2025-11-07T01:20:00.000,2,AZ7863,AZA7863,7863,
scheduled,departure,888123,A359,VN-A890,SK,SAS,SAS,,,,,,,,MXP,LIMC,2025-11-07T07:35:00.000,1,vn,hvn,vietnam airlines,vn73,hvn73,73,,,,10,,2025-11-07T01:30:00.000,,HAN,VVNB,2025-11-07T01:20:00.000,2,SK8208,SAS8208,8208,
scheduled,departure,888123,A359,VN-A890,VN,HVN,Vietnam Airlines,,,,,,,,MXP,LIMC,2025-11-07T07:35:00.000,1,,,,,,,,,,10,,2025-11-07T01:30:00.000,,HAN,VVNB,2025-11-07T01:20:00.000,2,VN73,HVN73,73,
scheduled,departure,,76F,,NH,ANA,ANA,,,,,,,,NRT,RJAA,2025-11-07T08:10:00.000,,,,,,,,,,,,,,,HAN,VVNB,2025-11-07T01:25:00.000,,NH8448,ANA8448,8448,
scheduled,departure,,74F,,OZ,AAR,Asiana Airlines,,,,,,,,CKG,ZUCK,2025-11-07T04:55:00.000,,,,,,,,,,,,,,,HAN,VVNB,2025-11-07T01:25:00.000,,OZ956,AAR956,956,
scheduled,departure,,321,,A1,A1,,,,,,,,,NGO,RJGG,2025-11-07T08:00:00.000,1,vj,vjc,vietjet air,vj920,vjc920,920,,,,,,2025-11-07T01:35:00.000,,HAN,VVNB,2025-11-07T01:35:00.000,2,A12920,A12920,2920,
scheduled,departure,,321,,W2,FXT,FlexFlight,,,,,,,,NGO,RJGG,2025-11-07T08:00:00.000,1,vj,vjc,vietjet air,vj920,vjc920,920,,,,,,2025-11-07T01:35:00.000,,HAN,VVNB,2025-11-07T01:35:00.000,2,W24920,FXT4920,4920,
scheduled,departure,,321,,H1,H1,,,,,,,,,NGO,RJGG,2025-11-07T08:00:00.000,1,vj,vjc,vietjet air,vj920,vjc920,920,,,,,,2025-11-07T01:35:00.000,,HAN,VVNB,2025-11-07T01:35:00.000,2,H14199,H14199,4199,
scheduled,departure,,321,,VJ,VJC,VietJet Air,,,,,,,,NGO,RJGG,2025-11-07T08:00:00.000,1,,,,,,,,,,,,2025-11-07T01:35:00.000,,HAN,VVNB,2025-11-07T01:35:00.000,2,VJ920,VJC920,920,
scheduled,departure,,74F,,OZ,AAR,Asiana Airlines,,,,,,,,CAN,ZGGG,2025-11-07T04:30:00.000,,,,,,,,,,,,,,,HAN,VVNB,2025-11-07T01:35:00.000,,OZ932,AAR932,932,
scheduled,departure,,321,,JL,JTL,Jet Linx Aviation,,,,,,,,KIX,RJBB,2025-11-07T07:50:00.000,1,vj,vjc,vietjet air,vj938,vjc938,938,,,,,,2025-11-07T01:40:00.000,,HAN,VVNB,2025-11-07T01:40:00.000,2,JL5018,JTL5018,5018,
scheduled,departure,,321,,A1,A1,,,,,,,,,KIX,RJBB,2025-11-07T07:50:00.000,1,vj,vjc,vietjet air,vj938,vjc938,938,,,,,,2025-11-07T01:40:00.000,,HAN,VVNB,2025-11-07T01:40:00.000,2,A12938,A12938,2938,
scheduled,departure,,321,,W2,FXT,FlexFlight,,,,,,,,KIX,RJBB,2025-11-07T07:50:00.000,1,vj,vjc,vietjet air,vj938,vjc938,938,,,,,,2025-11-07T01:40:00.000,,HAN,VVNB,2025-11-07T01:40:00.000,2,W24938,FXT4938,4938,
scheduled,departure,,321,,H1,H1,,,,,,,,,KIX,RJBB,2025-11-07T07:50:00.000,1,vj,vjc,vietjet air,vj938,vjc938,938,,,,,,2025-11-07T01:40:00.000,,HAN,VVNB,2025-11-07T01:40:00.000,2,H14080,H14080,4080,
scheduled,departure,,321,,VJ,VJC,VietJet Air,,,,,,,,KIX,RJBB,2025-11-07T07:50:00.000,1,,,,,,,,,,,,2025-11-07T01:40:00.000,,HAN,VVNB,2025-11-07T01:40:00.000,2,VJ938,VJC938,938,
scheduled,departure,,738,,H1,H1,,,,12,,,,124,ICN,RKSI,2025-11-07T08:05:00.000,1,7c,jja,jeju air,7c2202,jja2202,2202,,,,,,2025-11-07T01:40:00.000,,HAN,VVNB,2025-11-07T01:40:00.000,2,H19826,H19826,9826,
scheduled,departure,,738,,7C,JJA,Jeju Air,,,12,,,,124,ICN,RKSI,2025-11-07T08:05:00.000,1,,,,,,,,,,,,2025-11-07T01:40:00.000,,HAN,VVNB,2025-11-07T01:40:00.000,2,7C2202,JJA2202,2202,
scheduled,departure,,321,,A1,A1,,,,14,,,,132,ICN,RKSI,2025-11-07T07:55:00.000,1,vj,vjc,vietjet air,vj960,vjc960,960,,,,,,2025-11-07T01:45:00.000,,HAN,VVNB,2025-11-07T01:45:00.000,2,A12960,A12960,2960,
scheduled,departure,,321,,W2,FXT,FlexFlight,,,14,,,,132,ICN,RKSI,2025-11-07T07:55:00.000,1,vj,vjc,vietjet air,vj960,vjc960,960,,,,,,2025-11-07T01:45:00.000,,HAN,VVNB,2025-11-07T01:45:00.000,2,W24960,FXT4960,4960,
scheduled,departure,,321,,H1,H1,,,,14,,,,132,ICN,RKSI,2025-11-07T07:55:00.000,1,vj,vjc,vietjet air,vj960,vjc960,960,,,,,,2025-11-07T01:45:00.000,,HAN,VVNB,2025-11-07T01:45:00.000,2,H14135,H14135,4135,
scheduled,departure,,321,,VJ,VJC,VietJet Air,,,14,,,,132,ICN,RKSI,2025-11-07T07:55:00.000,1,,,,,,,,,,,,2025-11-07T01:45:00.000,,HAN,VVNB,2025-11-07T01:45:00.000,2,VJ960,VJC960,960,
scheduled,departure,,77F,,CK,CKK,China Cargo,,,,,,,,PVG,ZSPD,2025-11-07T05:30:00.000,,,,,,,,,,,,,,,HAN,VVNB,2025-11-07T01:45:00.000,,CK288,CKK288,288,
scheduled,departure,896617,B77L,A6-EFY,EK,UAE,Emirates,,,,,,,,DWC,OMDW,2025-11-07T05:55:00.000,,,,,,,,,,,,,,,HAN,VVNB,2025-11-07T01:50:00.000,,EK9869,UAE9869,9869,
scheduled,departure,,321,,NH,ANA,ANA,,,,,,,,FUK,RJFF,2025-11-07T07:35:00.000,I,vn,hvn,vietnam airlines,vn356,hvn356,356,,,,,,2025-11-07T01:55:00.000,,HAN,VVNB,2025-11-07T01:55:00.000,2,NH9722,ANA9722,9722,
scheduled,departure,,321,,VN,HVN,Vietnam Airlines,,,,,,,,FUK,RJFF,2025-11-07T07:35:00.000,I,,,,,,,,,,,,2025-11-07T01:55:00.000,,HAN,VVNB,2025-11-07T01:55:00.000,2,VN356,HVN356,356,
scheduled,departure,,320,,CA,CCA,Air China LTD,,,,,,,,SZX,ZGSZ,2025-11-07T05:00:00.000,,zh,csz,shenzhen airlines,zh108,csz108,108,,,,,,2025-11-07T02:10:00.000,31,HAN,VVNB,2025-11-07T02:10:00.000,2,CA7978,CCA7978,7978,
scheduled,departure,,320,,ZH,CSZ,Shenzhen Airlines,,,,,,,,SZX,ZGSZ,2025-11-07T05:00:00.000,,,,,,,,,,,,,2025-11-07T02:10:00.000,31,HAN,VVNB,2025-11-07T02:10:00.000,2,ZH108,CSZ108,108,
scheduled,departure,781044,B738,B-1536,VN,HVN,Vietnam Airlines,,,8,,,,,WUH,ZHHH,2025-11-07T06:05:00.000,3,mu,ces,china eastern airlines,mu2574,ces2574,2574,,,,,,2025-11-07T02:35:00.000,32,HAN,VVNB,2025-11-07T02:35:00.000,2,VN3598,HVN3598,3598,
scheduled,departure,781044,B738,B-1536,MU,CES,China Eastern Airlines,,,8,,,,,WUH,ZHHH,2025-11-07T06:05:00.000,3,,,,,,,,,,,,2025-11-07T02:35:00.000,32,HAN,VVNB,2025-11-07T02:35:00.000,2,MU2574,CES2574,2574,
scheduled,departure,,73F,,HT,CTJ,Tianjin Air Cargo,,,,,,,,CKG,ZUCK,2025-11-07T05:30:00.000,,,,,,,,,,,,,,,HAN,VVNB,2025-11-07T02:35:00.000,,HT3862,CTJ3862,3862,
scheduled,departure,781236,B738,B-1321,VN,HVN,Vietnam Airlines,,,19,,,,,PVG,ZSPD,2025-11-07T06:45:00.000,1,mu,ces,china eastern airlines,mu5076,ces5076,5076,,,,,,2025-11-07T02:45:00.000,35,HAN,VVNB,2025-11-07T02:45:00.000,2,VN3520,HVN3520,3520,
scheduled,departure,781236,B738,B-1321,MU,CES,China Eastern Airlines,,,19,,,,,PVG,ZSPD,2025-11-07T06:45:00.000,1,,,,,,,,,,,,2025-11-07T02:45:00.000,35,HAN,VVNB,2025-11-07T02:45:00.000,2,MU5076,CES5076,5076,
scheduled,departure,,320,,CA,CCA,Air China LTD,,,,,,,,HGH,ZSHC,2025-11-07T06:50:00.000,4,,,,,,,,,,,,2025-11-07T02:50:00.000,C,HAN,VVNB,2025-11-07T02:50:00.000,2,CA708,CCA708,708,
scheduled,departure,,320,,HO,DKH,Juneyao Airlines,,,28,,,,,PVG,ZSPD,2025-11-07T06:50:00.000,2,,,,,,,,,,,,2025-11-07T02:50:00.000,28,HAN,VVNB,2025-11-07T02:50:00.000,2,HO1330,DKH1330,1330,
scheduled,departure,,321,,VN,HVN,Vietnam Airlines,,,,,,,,MNL,RPLL,2025-11-07T07:10:00.000,1,pr,pal,philippine airlines,pr596,pal596,596,,,,,,2025-11-07T02:50:00.000,,HAN,VVNB,2025-11-07T02:50:00.000,2,VN3946,HVN3946,3946,
scheduled,departure,,321,,PR,PAL,Philippine Airlines,,,,,,,,MNL,RPLL,2025-11-07T07:10:00.000,1,,,,,,,,,,,,2025-11-07T02:50:00.000,,HAN,VVNB,2025-11-07T02:50:00.000,2,PR596,PAL596,596,
scheduled,departure,,73U,,KJ,AIH,Air Incheon,,,,,,,,ICN,RKSI,2025-11-07T09:15:00.000,,,,,,,,,,,,,,,HAN,VVNB,2025-11-07T02:50:00.000,,KJ512,AIH512,512,
scheduled,departure,,788,,IB,IBE,Iberia,,,6,,,,,DOH,OTHH,2025-11-07T06:40:00.000,,qr,qtr,qatar airways,qr985,qtr985,985,,,,,,2025-11-07T03:00:00.000,30,HAN,VVNB,2025-11-07T03:00:00.000,2,IB6161,IBE6161,6161,
scheduled,departure,,788,,B6,JBU,JetBlue Airways,,,6,,,,,DOH,OTHH,2025-11-07T06:40:00.000,,qr,qtr,qatar airways,qr985,qtr985,985,,,,,,2025-11-07T03:00:00.000,30,HAN,VVNB,2025-11-07T03:00:00.000,2,B66612,JBU6612,6612,
scheduled,departure,,788,,AA,AAL,American Airlines,,,6,,,,,DOH,OTHH,2025-11-07T06:40:00.000,,qr,qtr,qatar airways,qr985,qtr985,985,,,,,,2025-11-07T03:00:00.000,30,HAN,VVNB,2025-11-07T03:00:00.000,2,AA8268,AAL8268,8268,
scheduled,departure,,788,,WB,RWD,RwandAir,,,6,,,,,DOH,OTHH,2025-11-07T06:40:00.000,,qr,qtr,qatar airways,qr985,qtr985,985,,,,,,2025-11-07T03:00:00.000,30,HAN,VVNB,2025-11-07T03:00:00.000,2,WB1099,RWD1099,1099,
scheduled,departure,,788,,BA,BAW,British Airways,,,6,,,,,DOH,OTHH,2025-11-07T06:40:00.000,,qr,qtr,qatar airways,qr985,qtr985,985,,,,,,2025-11-07T03:00:00.000,30,HAN,VVNB,2025-11-07T03:00:00.000,2,BA6193,BAW6193,6193,
scheduled,departure,,788,,AY,FIN,Finnair,,,6,,,,,DOH,OTHH,2025-11-07T06:40:00.000,,qr,qtr,qatar airways,qr985,qtr985,985,,,,,,2025-11-07T03:00:00.000,30,HAN,VVNB,2025-11-07T03:00:00.000,2,AY6520,FIN6520,6520,
scheduled,departure,,788,,LA,LAN,LATAM Airlines,,,6,,,,,DOH,OTHH,2025-11-07T06:40:00.000,,qr,qtr,qatar airways,qr985,qtr985,985,,,,,,2025-11-07T03:00:00.000,30,HAN,VVNB,2025-11-07T03:00:00.000,2,LA7438,LAN7438,7438,
scheduled,departure,,788,,QR,QTR,Qatar Airways,,,6,,,,,DOH,OTHH,2025-11-07T06:40:00.000,,,,,,,,,,,,,2025-11-07T03:00:00.000,30,HAN,VVNB,2025-11-07T03:00:00.000,2,QR985,QTR985,985,
scheduled,departure,,76F,,OZ,AAR,Asiana Airlines,,,,,,,,ICN,RKSI,2025-11-07T09:55:00.000,,,,,,,,,,,,,,,HAN,VVNB,2025-11-07T03:45:00.000,,OZ390,AAR390,390,
scheduled,departure,,74Y,,KE,KAL,Korean Air,,,,,,,,ICN,RKSI,2025-11-07T10:05:00.000,,,,,,,,,,,,,,,HAN,VVNB,2025-11-07T03:55:00.000,,KE362,KAL362,362,
scheduled,departure,,73U,,KJ,AIH,Air Incheon,,,,,,,,ICN,RKSI,2025-11-07T10:50:00.000,,,,,,,,,,,,,,,HAN,VVNB,2025-11-07T04:35:00.000,,KJ5144,AIH5144,5144,
scheduled,departure,800D34,A20N,VT-IZK,6E,IGO,IndiGo,,,,,,,,CCU,VECC,2025-11-07T06:15:00.000,,,,,,,,,,,,,,,HAN,VVNB,2025-11-07T04:40:00.000,2,6E1632,IGO1632,1632,
scheduled,departure,,74F,,OZ,AAR,Asiana Airlines,,,,,,,,CAN,ZGGG,2025-11-07T07:35:00.000,,,,,,,,,,,,,,,HAN,VVNB,2025-11-07T04:40:00.000,,OZ931,AAR931,931,
scheduled,departure,,74F,,OZ,AAR,Asiana Airlines,,,,,,,,CAN,ZGGG,2025-11-07T07:35:00.000,,,,,,,,,,,,,,,HAN,VVNB,2025-11-07T04:40:00.000,,OZ932,AAR932,932,
scheduled,departure,,320,,H1,H1,,,,,,,,,SGN,VVTS,2025-11-07T07:10:00.000,1,vj,vjc,vietjet air,vj179,vjc179,179,,,,,,2025-11-07T05:00:00.000,,HAN,VVNB,2025-11-07T05:00:00.000,1,H14249,H14249,4249,
scheduled,departure,,320,,A1,A1,,,,,,,,,SGN,VVTS,2025-11-07T07:10:00.000,1,vj,vjc,vietjet air,vj179,vjc179,179,,,,,,2025-11-07T05:00:00.000,,HAN,VVNB,2025-11-07T05:00:00.000,1,A12179,A12179,2179,
scheduled,departure,,320,,W2,FXT,FlexFlight,,,,,,,,SGN,VVTS,2025-11-07T07:10:00.000,1,vj,vjc,vietjet air,vj179,vjc179,179,,,,,,2025-11-07T05:00:00.000,,HAN,VVNB,2025-11-07T05:00:00.000,1,W24179,FXT4179,4179,
scheduled,departure,,320,,VJ,VJC,VietJet Air,,,,,,,,SGN,VVTS,2025-11-07T07:10:00.000,1,,,,,,,,,,,,2025-11-07T05:00:00.000,,HAN,VVNB,2025-11-07T05:00:00.000,1,VJ179,VJC179,179,
scheduled,departure,,321,,NH,ANA,ANA,,,,,,,,SGN,VVTS,2025-11-07T07:10:00.000,3,vn,hvn,vietnam airlines,vn205,hvn205,205,,,,,,2025-11-07T05:00:00.000,,HAN,VVNB,2025-11-07T05:00:00.000,1,NH9727,ANA9727,9727,
scheduled,departure,,321,,K6,KHV,Cambodia Angkor Air,,,,,,,,SGN,VVTS,2025-11-07T07:10:00.000,3,vn,hvn,vietnam airlines,vn205,hvn205,205,,,,,,2025-11-07T05:00:00.000,,HAN,VVNB,2025-11-07T05:00:00.000,1,K63205,KHV3205,3205,
scheduled,departure,,321,,AF,AFR,Air France,,,,,,,,SGN,VVTS,2025-11-07T07:10:00.000,3,vn,hvn,vietnam airlines,vn205,hvn205,205,,,,,,2025-11-07T05:00:00.000,,HAN,VVNB,2025-11-07T05:00:00.000,1,AF9195,AFR9195,9195,
scheduled,departure,,321,,MU,CES,China Eastern Airlines,,,,,,,,SGN,VVTS,2025-11-07T07:10:00.000,3,vn,hvn,vietnam airlines,vn205,hvn205,205,,,,,,2025-11-07T05:00:00.000,,HAN,VVNB,2025-11-07T05:00:00.000,1,MU8980,CES8980,8980,
scheduled,departure,,321,,GA,GIA,Garuda Indonesia,,,,,,,,SGN,VVTS,2025-11-07T07:10:00.000,3,vn,hvn,vietnam airlines,vn205,hvn205,205,,,,,,2025-11-07T05:00:00.000,,HAN,VVNB,2025-11-07T05:00:00.000,1,GA9611,GIA9611,9611,
scheduled,departure,,321,,VN,HVN,Vietnam Airlines,,,,,,,,SGN,VVTS,2025-11-07T07:10:00.000,3,,,,,,,,,,,,2025-11-07T05:00:00.000,,HAN,VVNB,2025-11-07T05:00:00.000,1,VN205,HVN205,205,
